1590772622-827,https://www.tff.org/Default.aspx?pageID=198&hafta=1#macctl00_MPane_m_198_935_ctnr_m_198_935,2,https://www.tff.org/Default.aspx?pageID=198&hafta=2#macctl00_MPane_m_198_935_ctnr_m_198_935,25.08.2019,19:15,Caykur Rizespor,2 - 1,Sivasspor
1590772622-829,https://www.tff.org/Default.aspx?pageID=198&hafta=1#macctl00_MPane_m_198_935_ctnr_m_198_935,2,https://www.tff.org/Default.aspx?pageID=198&hafta=2#macctl00_MPane_m_198_935_ctnr_m_198_935,25.08.2019,21:45, Antalyaspor,0 - 2,Denizlispor
1590772622-832,https://www.tff.org/Default.aspx?pageID=198&hafta=1#macctl00_MPane_m_198_935_ctnr_m_198_935,2,https://www.tff.org/Default.aspx?pageID=198&hafta=2#macctl00_MPane_m_198_935_ctnr_m_198_935,,,,,
1590772622-823,https://www.tff.org/Default.aspx?pageID=198&hafta=1#macctl00_MPane_m_198_935_ctnr_m_198_935,2,https://www.tff.org/Default.aspx?pageID=198&hafta=2#macctl00_MPane_m_198_935_ctnr_m_198_935,23.08.2019,20:30,Besiktas JK,3 - 0,Göztepe
1590772622-825,https://www.tff.org/Default.aspx?pageID=198&hafta=1#macctl00_MPane_m_198_935_ctnr_m_198_935,2,https://www.tff.org/Default.aspx?pageID=198&hafta=2#macctl00_MPane_m_198_935_ctnr_m_198_935,24.08.2019,21:45,Alanyaspor,4 - 1,Kasimpasa
1590772622-830,https://www.tff.org/Default.aspx?pageID=198&hafta=1#macctl00_MPane_m_198_935_ctnr_m_198_935,2,https://www.tff.org/Default.aspx?pageID=198&hafta=2#macctl00_MPane_m_198_935_ctnr_m_198_935,25.08.2019,21:49,Galatasaray SK,1 - 1,Konyaspor
1590772622-824,https://www.tff.org/Default.aspx?pageID=198&hafta=1#macctl00_MPane_m_198_935_ctnr_m_198_935,2,https://www.tff.org/Default.aspx?pageID=198&hafta=2#macctl00_MPane_m_198_935_ctnr_m_198_935,24.08.2019,19:15,MKE Ankaragücü,1 - 1,Kayserispor
1590772622-828,https://www.tff.org/Default.aspx?pageID=198&hafta=1#macctl00_MPane_m_198_935_ctnr_m_198_935,2,https://www.tff.org/Default.aspx?pageID=198&hafta=2#macctl00_MPane_m_198_935_ctnr_m_198_935,25.08.2019,19:15,Trabzonspor,2 - 1,Yeni Malatyaspor
1590772622-831,https://www.tff.org/Default.aspx?pageID=198&hafta=1#macctl00_MPane_m_198_935_ctnr_m_198_935,2,https://www.tff.org/Default.aspx?pageID=198&hafta=2#macctl00_MPane_m_198_935_ctnr_m_198_935,26.08.2019,20:00,Gaziantep FK,4 - 1,Genclerbirligi Ankara
1590772622-826,https://www.tff.org/Default.aspx?pageID=198&hafta=1#macctl00_MPane_m_198_935_ctnr_m_198_935,2,https://www.tff.org/Default.aspx?pageID=198&hafta=2#macctl00_MPane_m_198_935_ctnr_m_198_935,24.08.2019,21:45,Istanbul Basaksehir FK,1 - 2,Fenerbahce SK
1590772620-822,https://www.tff.org/Default.aspx?pageID=198&hafta=1#macctl00_MPane_m_198_935_ctnr_m_198_935,3,https://www.tff.org/Default.aspx?pageID=198&hafta=3#macctl00_MPane_m_198_935_ctnr_m_198_935,,,,,
1590772620-820,https://www.tff.org/Default.aspx?pageID=198&hafta=1#macctl00_MPane_m_198_935_ctnr_m_198_935,3,https://www.tff.org/Default.aspx?pageID=198&hafta=3#macctl00_MPane_m_198_935_ctnr_m_198_935,01.09.2019,21:45,Fenerbahce SK,1 - 1,Trabzonspor
1590772620-813,https://www.tff.org/Default.aspx?pageID=198&hafta=1#macctl00_MPane_m_198_935_ctnr_m_198_935,3,https://www.tff.org/Default.aspx?pageID=198&hafta=3#macctl00_MPane_m_198_935_ctnr_m_198_935,30.08.2019,20:30,Kasimpasa,0 - 1,MKE Ankaragücü
1590772620-818,https://www.tff.org/Default.aspx?pageID=198&hafta=1#macctl00_MPane_m_198_935_ctnr_m_198_935,3,https://www.tff.org/Default.aspx?pageID=198&hafta=3#macctl00_MPane_m_198_935_ctnr_m_198_935,01.09.2019,19:15,Genclerbirligi Ankara,1 - 2,Istanbul Basaksehir FK
1590772620-819,https://www.tff.org/Default.aspx?pageID=198&hafta=1#macctl00_MPane_m_198_935_ctnr_m_198_935,3,https://www.tff.org/Default.aspx?pageID=198&hafta=3#macctl00_MPane_m_198_935_ctnr_m_198_935,01.09.2019,19:15,Sivasspor,1 - 1,Gaziantep FK
1590772620-815,https://www.tff.org/Default.aspx?pageID=198&hafta=1#macctl00_MPane_m_198_935_ctnr_m_198_935,3,https://www.tff.org/Default.aspx?pageID=198&hafta=3#macctl00_MPane_m_198_935_ctnr_m_198_935,31.08.2019,19:15,Konyaspor,2 - 2, Antalyaspor
1590772620-817,https://www.tff.org/Default.aspx?pageID=198&hafta=1#macctl00_MPane_m_198_935_ctnr_m_198_935,3,https://www.tff.org/Default.aspx?pageID=198&hafta=3#macctl00_MPane_m_198_935_ctnr_m_198_935,31.08.2019,21:45,Besiktas JK,1 - 1,Caykur Rizespor
1590772620-821,https://www.tff.org/Default.aspx?pageID=198&hafta=1#macctl00_MPane_m_198_935_ctnr_m_198_935,3,https://www.tff.org/Default.aspx?pageID=198&hafta=3#macctl00_MPane_m_198_935_ctnr_m_198_935,01.09.2019,21:45,Yeni Malatyaspor,2 - 3,Alanyaspor
1590772620-814,https://www.tff.org/Default.aspx?pageID=198&hafta=1#macctl00_MPane_m_198_935_ctnr_m_198_935,3,https://www.tff.org/Default.aspx?pageID=198&hafta=3#macctl00_MPane_m_198_935_ctnr_m_198_935,30.08.2019,20:30,Kayserispor,2 - 3,Galatasaray SK
1590772620-816,https://www.tff.org/Default.aspx?pageID=198&hafta=1#macctl00_MPane_m_198_935_ctnr_m_198_935,3,https://www.tff.org/Default.aspx?pageID=198&hafta=3#macctl00_MPane_m_198_935_ctnr_m_198_935,31.08.2019,21:45,Göztepe,0 - 0,Denizlispor
1590772618-809,https://www.tff.org/Default.aspx?pageID=198&hafta=1#macctl00_MPane_m_198_935_ctnr_m_198_935,4,https://www.tff.org/Default.aspx?pageID=198&hafta=4#macctl00_MPane_m_198_935_ctnr_m_198_935,15.09.2019,20:00,Denizlispor,0 - 1,Konyaspor
1590772618-812,https://www.tff.org/Default.aspx?pageID=198&hafta=1#macctl00_MPane_m_198_935_ctnr_m_198_935,4,https://www.tff.org/Default.aspx?pageID=198&hafta=4#macctl00_MPane_m_198_935_ctnr_m_198_935,,,,,
1590772618-807,https://www.tff.org/Default.aspx?pageID=198&hafta=1#macctl00_MPane_m_198_935_ctnr_m_198_935,4,https://www.tff.org/Default.aspx?pageID=198&hafta=4#macctl00_MPane_m_198_935_ctnr_m_198_935,15.09.2019,17:00,MKE Ankaragücü,0 - 4,Yeni Malatyaspor
1590772618-804,https://www.tff.org/Default.aspx?pageID=198&hafta=1#macctl00_MPane_m_198_935_ctnr_m_198_935,4,https://www.tff.org/Default.aspx?pageID=198&hafta=4#macctl00_MPane_m_198_935_ctnr_m_198_935,14.09.2019,17:00,Istanbul Basaksehir FK,1 - 1,Sivasspor
1590772618-808,https://www.tff.org/Default.aspx?pageID=198&hafta=1#macctl00_MPane_m_198_935_ctnr_m_198_935,4,https://www.tff.org/Default.aspx?pageID=198&hafta=4#macctl00_MPane_m_198_935_ctnr_m_198_935,15.09.2019,17:00,Caykur Rizespor,0 - 0,Göztepe
1590772618-803,https://www.tff.org/Default.aspx?pageID=198&hafta=1#macctl00_MPane_m_198_935_ctnr_m_198_935,4,https://www.tff.org/Default.aspx?pageID=198&hafta=4#macctl00_MPane_m_198_935_ctnr_m_198_935,13.09.2019,20:30,Galatasaray SK,1 - 0,Kasimpasa
1590772618-811,https://www.tff.org/Default.aspx?pageID=198&hafta=1#macctl00_MPane_m_198_935_ctnr_m_198_935,4,https://www.tff.org/Default.aspx?pageID=198&hafta=4#macctl00_MPane_m_198_935_ctnr_m_198_935,16.09.2019,20:00, Alanyaspor,3 - 1,Fenerbahce SK
1590772618-806,https://www.tff.org/Default.aspx?pageID=198&hafta=1#macctl00_MPane_m_198_935_ctnr_m_198_935,4,https://www.tff.org/Default.aspx?pageID=198&hafta=4#macctl00_MPane_m_198_935_ctnr_m_198_935,14.09.2019,20:00, Antalyaspor,2 - 2,Kayserispor
1590772618-810,https://www.tff.org/Default.aspx?pageID=198&hafta=1#macctl00_MPane_m_198_935_ctnr_m_198_935,4,https://www.tff.org/Default.aspx?pageID=198&hafta=4#macctl00_MPane_m_198_935_ctnr_m_198_935,15.09.2019,20:00,Trabzonspor,2 - 2,Genclerbirligi Ankara
1590772618-805,https://www.tff.org/Default.aspx?pageID=198&hafta=1#macctl00_MPane_m_198_935_ctnr_m_198_935,4,https://www.tff.org/Default.aspx?pageID=198&hafta=4#macctl00_MPane_m_198_935_ctnr_m_198_935,14.09.2019,20:00,Gaziantep FK,3 - 2,Besiktas JK
1590772616-797,https://www.tff.org/Default.aspx?pageID=198&hafta=1#macctl00_MPane_m_198_935_ctnr_m_198_935,5,https://www.tff.org/Default.aspx?pageID=198&hafta=5#macctl00_MPane_m_198_935_ctnr_m_198_935,22.09.2019,14:00,Caykur Rizespor,1 - 2,Gaziantep FK
1590772616-800,https://www.tff.org/Default.aspx?pageID=198&hafta=1#macctl00_MPane_m_198_935_ctnr_m_198_935,5,https://www.tff.org/Default.aspx?pageID=198&hafta=5#macctl00_MPane_m_198_935_ctnr_m_198_935,23.09.2019,20:00,Sivasspor,2 - 1,Trabzonspor
1590772616-794,https://www.tff.org/Default.aspx?pageID=198&hafta=1#macctl00_MPane_m_198_935_ctnr_m_198_935,5,https://www.tff.org/Default.aspx?pageID=198&hafta=5#macctl00_MPane_m_198_935_ctnr_m_198_935,21.09.2019,15:00,Kasimpasa,3 - 0, Antalyaspor
1590772616-793,https://www.tff.org/Default.aspx?pageID=198&hafta=1#macctl00_MPane_m_198_935_ctnr_m_198_935,5,https://www.tff.org/Default.aspx?pageID=198&hafta=5#macctl00_MPane_m_198_935_ctnr_m_198_935,20.09.2019,20:30,Göztepe,1 - 0,Konyaspor
1590772616-798,https://www.tff.org/Default.aspx?pageID=198&hafta=1#macctl00_MPane_m_198_935_ctnr_m_198_935,5,https://www.tff.org/Default.aspx?pageID=198&hafta=5#macctl00_MPane_m_198_935_ctnr_m_198_935,22.09.2019,16:30,Genclerbirligi Ankara,1 - 1,ALANYASPOR
1590772616-802,https://www.tff.org/Default.aspx?pageID=198&hafta=1#macctl00_MPane_m_198_935_ctnr_m_198_935,5,https://www.tff.org/Default.aspx?pageID=198&hafta=5#macctl00_MPane_m_198_935_ctnr_m_198_935,,,,,
1590772616-796,https://www.tff.org/Default.aspx?pageID=198&hafta=1#macctl00_MPane_m_198_935_ctnr_m_198_935,5,https://www.tff.org/Default.aspx?pageID=198&hafta=5#macctl00_MPane_m_198_935_ctnr_m_198_935,21.09.2019,20:00,Fenerbahce SK,2 - 1,MKE Ankaragücü
1590772616-801,https://www.tff.org/Default.aspx?pageID=198&hafta=1#macctl00_MPane_m_198_935_ctnr_m_198_935,5,https://www.tff.org/Default.aspx?pageID=198&hafta=5#macctl00_MPane_m_198_935_ctnr_m_198_935,23.09.2019,20:00,Besiktas JK,1 - 1,Istanbul Basaksehir FK
1590772616-799,https://www.tff.org/Default.aspx?pageID=198&hafta=1#macctl00_MPane_m_198_935_ctnr_m_198_935,5,https://www.tff.org/Default.aspx?pageID=198&hafta=5#macctl00_MPane_m_198_935_ctnr_m_198_935,22.09.2019,19:00,Yeni Malatyaspor,1 - 1,Galatasaray SK
1590772616-795,https://www.tff.org/Default.aspx?pageID=198&hafta=1#macctl00_MPane_m_198_935_ctnr_m_198_935,5,https://www.tff.org/Default.aspx?pageID=198&hafta=5#macctl00_MPane_m_198_935_ctnr_m_198_935,21.09.2019,17:30,Kayserispor,1 - 1,Denizlispor
1590772614-783,https://www.tff.org/Default.aspx?pageID=198&hafta=1#macctl00_MPane_m_198_935_ctnr_m_198_935,6,https://www.tff.org/Default.aspx?pageID=198&hafta=6#macctl00_MPane_m_198_935_ctnr_m_198_935,27.09.2019,20:30,Istanbul Basaksehir FK,5 - 0,Caykur Rizespor
1590772614-787,https://www.tff.org/Default.aspx?pageID=198&hafta=1#macctl00_MPane_m_198_935_ctnr_m_198_935,6,https://www.tff.org/Default.aspx?pageID=198&hafta=6#macctl00_MPane_m_198_935_ctnr_m_198_935,29.09.2019,14:00,Konyaspor,2 - 1,Kayserispor
1590772614-784,https://www.tff.org/Default.aspx?pageID=198&hafta=1#macctl00_MPane_m_198_935_ctnr_m_198_935,6,https://www.tff.org/Default.aspx?pageID=198&hafta=6#macctl00_MPane_m_198_935_ctnr_m_198_935,28.09.2019,15:00,Denizlispor,0 - 1,Kasimpasa
1590772614-786,https://www.tff.org/Default.aspx?pageID=198&hafta=1#macctl00_MPane_m_198_935_ctnr_m_198_935,6,https://www.tff.org/Default.aspx?pageID=198&hafta=6#macctl00_MPane_m_198_935_ctnr_m_198_935,28.09.2019,20:00,Galatasaray SK,0 - 0,Fenerbahce SK
1590772614-792,https://www.tff.org/Default.aspx?pageID=198&hafta=1#macctl00_MPane_m_198_935_ctnr_m_198_935,6,https://www.tff.org/Default.aspx?pageID=198&hafta=6#macctl00_MPane_m_198_935_ctnr_m_198_935,,,,,
1590772614-790,https://www.tff.org/Default.aspx?pageID=198&hafta=1#macctl00_MPane_m_198_935_ctnr_m_198_935,6,https://www.tff.org/Default.aspx?pageID=198&hafta=6#macctl00_MPane_m_198_935_ctnr_m_198_935,29.09.2019,19:00,Trabzonspor,4 - 1,Besiktas JK
1590772614-785,https://www.tff.org/Default.aspx?pageID=198&hafta=1#macctl00_MPane_m_198_935_ctnr_m_198_935,6,https://www.tff.org/Default.aspx?pageID=198&hafta=6#macctl00_MPane_m_198_935_ctnr_m_198_935,28.09.2019,17:30, Alanyaspor,1 - 1,Sivasspor
1590772614-789,https://www.tff.org/Default.aspx?pageID=198&hafta=1#macctl00_MPane_m_198_935_ctnr_m_198_935,6,https://www.tff.org/Default.aspx?pageID=198&hafta=6#macctl00_MPane_m_198_935_ctnr_m_198_935,29.09.2019,16:30,MKE Ankaragücü,2 - 1,Genclerbirligi Ankara
1590772614-788,https://www.tff.org/Default.aspx?pageID=198&hafta=1#macctl00_MPane_m_198_935_ctnr_m_198_935,6,https://www.tff.org/Default.aspx?pageID=198&hafta=6#macctl00_MPane_m_198_935_ctnr_m_198_935,29.09.2019,16:30, Antalyaspor,3 - 0,Yeni Malatyaspor
1590772614-791,https://www.tff.org/Default.aspx?pageID=198&hafta=1#macctl00_MPane_m_198_935_ctnr_m_198_935,6,https://www.tff.org/Default.aspx?pageID=198&hafta=6#macctl00_MPane_m_198_935_ctnr_m_198_935,30.09.2019,20:00,Gaziantep FK,1 - 1,Göztepe
1590772612-779,https://www.tff.org/Default.aspx?pageID=198&hafta=1#macctl00_MPane_m_198_935_ctnr_m_198_935,7,https://www.tff.org/Default.aspx?pageID=198&hafta=7#macctl00_MPane_m_198_935_ctnr_m_198_935,06.10.2019,16:30,Besiktas JK,2 - 0, Alanyaspor
1590772612-773,https://www.tff.org/Default.aspx?pageID=198&hafta=1#macctl00_MPane_m_198_935_ctnr_m_198_935,7,https://www.tff.org/Default.aspx?pageID=198&hafta=7#macctl00_MPane_m_198_935_ctnr_m_198_935,04.10.2019,20:30,Yeni Malatyaspor,5 - 1,Denizlispor
1590772612-778,https://www.tff.org/Default.aspx?pageID=198&hafta=1#macctl00_MPane_m_198_935_ctnr_m_198_935,7,https://www.tff.org/Default.aspx?pageID=198&hafta=7#macctl00_MPane_m_198_935_ctnr_m_198_935,06.10.2019,14:00,Sivasspor,3 - 1,MKE Ankaragücü
1590772612-780,https://www.tff.org/Default.aspx?pageID=198&hafta=1#macctl00_MPane_m_198_935_ctnr_m_198_935,7,https://www.tff.org/Default.aspx?pageID=198&hafta=7#macctl00_MPane_m_198_935_ctnr_m_198_935,06.10.2019,19:00,Gaziantep FK,1 - 2,Istanbul Basaksehir FK
1590772612-776,https://www.tff.org/Default.aspx?pageID=198&hafta=1#macctl00_MPane_m_198_935_ctnr_m_198_935,7,https://www.tff.org/Default.aspx?pageID=198&hafta=7#macctl00_MPane_m_198_935_ctnr_m_198_935,05.10.2019,17:30,Göztepe,4 - 0,Kayserispor
1590772612-774,https://www.tff.org/Default.aspx?pageID=198&hafta=1#macctl00_MPane_m_198_935_ctnr_m_198_935,7,https://www.tff.org/Default.aspx?pageID=198&hafta=7#macctl00_MPane_m_198_935_ctnr_m_198_935,04.10.2019,20:30,Fenerbahce SK,0 - 1, Antalyaspor
1590772612-775,https://www.tff.org/Default.aspx?pageID=198&hafta=1#macctl00_MPane_m_198_935_ctnr_m_198_935,7,https://www.tff.org/Default.aspx?pageID=198&hafta=7#macctl00_MPane_m_198_935_ctnr_m_198_935,05.10.2019,15:00,Kasimpasa,1 - 4,Konyaspor
1590772612-781,https://www.tff.org/Default.aspx?pageID=198&hafta=1#macctl00_MPane_m_198_935_ctnr_m_198_935,7,https://www.tff.org/Default.aspx?pageID=198&hafta=7#macctl00_MPane_m_198_935_ctnr_m_198_935,06.10.2019,19:00,Caykur Rizespor,1 - 2,Trabzonspor
1590772612-777,https://www.tff.org/Default.aspx?pageID=198&hafta=1#macctl00_MPane_m_198_935_ctnr_m_198_935,7,https://www.tff.org/Default.aspx?pageID=198&hafta=7#macctl00_MPane_m_198_935_ctnr_m_198_935,05.10.2019,20:00,Genclerbirligi Ankara,0 - 0,Galatasaray SK
1590772612-782,https://www.tff.org/Default.aspx?pageID=198&hafta=1#macctl00_MPane_m_198_935_ctnr_m_198_935,7,https://www.tff.org/Default.aspx?pageID=198&hafta=7#macctl00_MPane_m_198_935_ctnr_m_198_935,,,,,
1590772610-767,https://www.tff.org/Default.aspx?pageID=198&hafta=1#macctl00_MPane_m_198_935_ctnr_m_198_935,8,https://www.tff.org/Default.aspx?pageID=198&hafta=8#macctl00_MPane_m_198_935_ctnr_m_198_935,19.10.2019,20:00,MKE Ankaragücü,0 - 0,Besiktas JK
1590772610-763,https://www.tff.org/Default.aspx?pageID=198&hafta=1#macctl00_MPane_m_198_935_ctnr_m_198_935,8,https://www.tff.org/Default.aspx?pageID=198&hafta=8#macctl00_MPane_m_198_935_ctnr_m_198_935,18.10.2019,20:30,Galatasaray SK,3 - 2,Sivasspor
1590772610-769,https://www.tff.org/Default.aspx?pageID=198&hafta=1#macctl00_MPane_m_198_935_ctnr_m_198_935,8,https://www.tff.org/Default.aspx?pageID=198&hafta=8#macctl00_MPane_m_198_935_ctnr_m_198_935,20.10.2019,16:30, Alanyaspor,5 - 2,Caykur Rizespor
1590772610-772,https://www.tff.org/Default.aspx?pageID=198&hafta=1#macctl00_MPane_m_198_935_ctnr_m_198_935,8,https://www.tff.org/Default.aspx?pageID=198&hafta=8#macctl00_MPane_m_198_935_ctnr_m_198_935,,,,,
1590772610-770,https://www.tff.org/Default.aspx?pageID=198&hafta=1#macctl00_MPane_m_198_935_ctnr_m_198_935,8,https://www.tff.org/Default.aspx?pageID=198&hafta=8#macctl00_MPane_m_198_935_ctnr_m_198_935,20.10.2019,19:00,Denizlispor,1 - 2,Fenerbahce SK
1590772610-771,https://www.tff.org/Default.aspx?pageID=198&hafta=1#macctl00_MPane_m_198_935_ctnr_m_198_935,8,https://www.tff.org/Default.aspx?pageID=198&hafta=8#macctl00_MPane_m_198_935_ctnr_m_198_935,21.10.2019,20:00,Konyaspor,0 - 2,Yeni Malatyaspor
1590772610-764,https://www.tff.org/Default.aspx?pageID=198&hafta=1#macctl00_MPane_m_198_935_ctnr_m_198_935,8,https://www.tff.org/Default.aspx?pageID=198&hafta=8#macctl00_MPane_m_198_935_ctnr_m_198_935,19.10.2019,15:00, Antalyaspor,0 - 6,Genclerbirligi Ankara
1590772610-768,https://www.tff.org/Default.aspx?pageID=198&hafta=1#macctl00_MPane_m_198_935_ctnr_m_198_935,8,https://www.tff.org/Default.aspx?pageID=198&hafta=8#macctl00_MPane_m_198_935_ctnr_m_198_935,20.10.2019,14:00,Kayserispor,1 - 1,Kasimpasa
1590772610-765,https://www.tff.org/Default.aspx?pageID=198&hafta=1#macctl00_MPane_m_198_935_ctnr_m_198_935,8,https://www.tff.org/Default.aspx?pageID=198&hafta=8#macctl00_MPane_m_198_935_ctnr_m_198_935,19.10.2019,17:30,Trabzonspor,4 - 1,Gaziantep FK
1590772610-766,https://www.tff.org/Default.aspx?pageID=198&hafta=1#macctl00_MPane_m_198_935_ctnr_m_198_935,8,https://www.tff.org/Default.aspx?pageID=198&hafta=8#macctl00_MPane_m_198_935_ctnr_m_198_935,19.10.2019,17:30,Istanbul Basaksehir FK,2 - 1,Göztepe
1590772608-758,https://www.tff.org/Default.aspx?pageID=198&hafta=1#macctl00_MPane_m_198_935_ctnr_m_198_935,9,https://www.tff.org/Default.aspx?pageID=198&hafta=9#macctl00_MPane_m_198_935_ctnr_m_198_935,27.10.2019,16:30,Genclerbirligi Ankara,0 - 2,Denizlispor
1590772608-753,https://www.tff.org/Default.aspx?pageID=198&hafta=1#macctl00_MPane_m_198_935_ctnr_m_198_935,9,https://www.tff.org/Default.aspx?pageID=198&hafta=9#macctl00_MPane_m_198_935_ctnr_m_198_935,25.10.2019,20:30,Caykur Rizespor,2 - 0,MKE Ankaragücü
1590772608-755,https://www.tff.org/Default.aspx?pageID=198&hafta=1#macctl00_MPane_m_198_935_ctnr_m_198_935,9,https://www.tff.org/Default.aspx?pageID=198&hafta=9#macctl00_MPane_m_198_935_ctnr_m_198_935,26.10.2019,17:30,Gaziantep FK,1 - 1, Alanyaspor
1590772608-760,https://www.tff.org/Default.aspx?pageID=198&hafta=1#macctl00_MPane_m_198_935_ctnr_m_198_935,9,https://www.tff.org/Default.aspx?pageID=198&hafta=9#macctl00_MPane_m_198_935_ctnr_m_198_935,27.10.2019,19:00,Besiktas JK,1 - 0,Galatasaray SK
1590772608-761,https://www.tff.org/Default.aspx?pageID=198&hafta=1#macctl00_MPane_m_198_935_ctnr_m_198_935,9,https://www.tff.org/Default.aspx?pageID=198&hafta=9#macctl00_MPane_m_198_935_ctnr_m_198_935,28.10.2019,20:00,Istanbul Basaksehir FK,2 - 2,Trabzonspor
1590772608-754,https://www.tff.org/Default.aspx?pageID=198&hafta=1#macctl00_MPane_m_198_935_ctnr_m_198_935,9,https://www.tff.org/Default.aspx?pageID=198&hafta=9#macctl00_MPane_m_198_935_ctnr_m_198_935,26.10.2019,15:00,Sivasspor,2 - 1, Antalyaspor
1590772608-756,https://www.tff.org/Default.aspx?pageID=198&hafta=1#macctl00_MPane_m_198_935_ctnr_m_198_935,9,https://www.tff.org/Default.aspx?pageID=198&hafta=9#macctl00_MPane_m_198_935_ctnr_m_198_935,26.10.2019,20:00,Fenerbahce SK,5 - 1,Konyaspor
1590772608-759,https://www.tff.org/Default.aspx?pageID=198&hafta=1#macctl00_MPane_m_198_935_ctnr_m_198_935,9,https://www.tff.org/Default.aspx?pageID=198&hafta=9#macctl00_MPane_m_198_935_ctnr_m_198_935,27.10.2019,16:30,Göztepe,1 - 4,Kasimpasa
1590772608-757,https://www.tff.org/Default.aspx?pageID=198&hafta=1#macctl00_MPane_m_198_935_ctnr_m_198_935,9,https://www.tff.org/Default.aspx?pageID=198&hafta=9#macctl00_MPane_m_198_935_ctnr_m_198_935,27.10.2019,14:00,Yeni Malatyaspor,4 - 0,Kayserispor
1590772608-762,https://www.tff.org/Default.aspx?pageID=198&hafta=1#macctl00_MPane_m_198_935_ctnr_m_198_935,9,https://www.tff.org/Default.aspx?pageID=198&hafta=9#macctl00_MPane_m_198_935_ctnr_m_198_935,,,,,
1590772606-752,https://www.tff.org/Default.aspx?pageID=198&hafta=1#macctl00_MPane_m_198_935_ctnr_m_198_935,10,https://www.tff.org/Default.aspx?pageID=198&hafta=10#macctl00_MPane_m_198_935_ctnr_m_198_935,,,,,
1590772606-746,https://www.tff.org/Default.aspx?pageID=198&hafta=1#macctl00_MPane_m_198_935_ctnr_m_198_935,10,https://www.tff.org/Default.aspx?pageID=198&hafta=10#macctl00_MPane_m_198_935_ctnr_m_198_935,02.11.2019,17:30,Trabzonspor,0 - 1,Göztepe
1590772606-745,https://www.tff.org/Default.aspx?pageID=198&hafta=1#macctl00_MPane_m_198_935_ctnr_m_198_935,10,https://www.tff.org/Default.aspx?pageID=198&hafta=10#macctl00_MPane_m_198_935_ctnr_m_198_935,02.11.2019,17:30, Alanyaspor,0 - 0,Istanbul Basaksehir FK
1590772606-747,https://www.tff.org/Default.aspx?pageID=198&hafta=1#macctl00_MPane_m_198_935_ctnr_m_198_935,10,https://www.tff.org/Default.aspx?pageID=198&hafta=10#macctl00_MPane_m_198_935_ctnr_m_198_935,02.11.2019,20:00, Antalyaspor,1 - 2,Besiktas JK
1590772606-743,https://www.tff.org/Default.aspx?pageID=198&hafta=1#macctl00_MPane_m_198_935_ctnr_m_198_935,10,https://www.tff.org/Default.aspx?pageID=198&hafta=10#macctl00_MPane_m_198_935_ctnr_m_198_935,01.11.2019,20:30,Galatasaray SK,2 - 0,Caykur Rizespor
1590772606-749,https://www.tff.org/Default.aspx?pageID=198&hafta=1#macctl00_MPane_m_198_935_ctnr_m_198_935,10,https://www.tff.org/Default.aspx?pageID=198&hafta=10#macctl00_MPane_m_198_935_ctnr_m_198_935,03.11.2019,16:30,Kasimpasa,2 - 2,Yeni Malatyaspor
1590772606-748,https://www.tff.org/Default.aspx?pageID=198&hafta=1#macctl00_MPane_m_198_935_ctnr_m_198_935,10,https://www.tff.org/Default.aspx?pageID=198&hafta=10#macctl00_MPane_m_198_935_ctnr_m_198_935,03.11.2019,14:00,Denizlispor,0 - 2,Sivasspor
1590772606-751,https://www.tff.org/Default.aspx?pageID=198&hafta=1#macctl00_MPane_m_198_935_ctnr_m_198_935,10,https://www.tff.org/Default.aspx?pageID=198&hafta=10#macctl00_MPane_m_198_935_ctnr_m_198_935,04.11.2019,20:00,MKE Ankaragücü,1 - 2,Gaziantep FK
1590772606-744,https://www.tff.org/Default.aspx?pageID=198&hafta=1#macctl00_MPane_m_198_935_ctnr_m_198_935,10,https://www.tff.org/Default.aspx?pageID=198&hafta=10#macctl00_MPane_m_198_935_ctnr_m_198_935,02.11.2019,15:00,Konyaspor,1 - 1,Genclerbirligi Ankara
1590772606-750,https://www.tff.org/Default.aspx?pageID=198&hafta=1#macctl00_MPane_m_198_935_ctnr_m_198_935,10,https://www.tff.org/Default.aspx?pageID=198&hafta=10#macctl00_MPane_m_198_935_ctnr_m_198_935,03.11.2019,19:00,Kayserispor,1 - 0,Fenerbahce SK
1590772604-740,https://www.tff.org/Default.aspx?pageID=198&hafta=1#macctl00_MPane_m_198_935_ctnr_m_198_935,11,https://www.tff.org/Default.aspx?pageID=198&hafta=11#macctl00_MPane_m_198_935_ctnr_m_198_935,10.11.2019,19:00,Istanbul Basaksehir FK,2 - 1,MKE Ankaragücü
1590772604-735,https://www.tff.org/Default.aspx?pageID=198&hafta=1#macctl00_MPane_m_198_935_ctnr_m_198_935,11,https://www.tff.org/Default.aspx?pageID=198&hafta=11#macctl00_MPane_m_198_935_ctnr_m_198_935,09.11.2019,17:30,Sivasspor,2 - 0,Konyaspor
1590772604-739,https://www.tff.org/Default.aspx?pageID=198&hafta=1#macctl00_MPane_m_198_935_ctnr_m_198_935,11,https://www.tff.org/Default.aspx?pageID=198&hafta=11#macctl00_MPane_m_198_935_ctnr_m_198_935,10.11.2019,16:30,Trabzonspor,1 - 0, Alanyaspor
1590772604-733,https://www.tff.org/Default.aspx?pageID=198&hafta=1#macctl00_MPane_m_198_935_ctnr_m_198_935,11,https://www.tff.org/Default.aspx?pageID=198&hafta=11#macctl00_MPane_m_198_935_ctnr_m_198_935,08.11.2019,20:30,Fenerbahce SK,3 - 2,Kasimpasa
1590772604-742,https://www.tff.org/Default.aspx?pageID=198&hafta=1#macctl00_MPane_m_198_935_ctnr_m_198_935,11,https://www.tff.org/Default.aspx?pageID=198&hafta=11#macctl00_MPane_m_198_935_ctnr_m_198_935,,,,,
1590772604-737,https://www.tff.org/Default.aspx?pageID=198&hafta=1#macctl00_MPane_m_198_935_ctnr_m_198_935,11,https://www.tff.org/Default.aspx?pageID=198&hafta=11#macctl00_MPane_m_198_935_ctnr_m_198_935,09.11.2019,20:00,Gaziantep FK,0 - 2,Galatasaray SK
1590772604-734,https://www.tff.org/Default.aspx?pageID=198&hafta=1#macctl00_MPane_m_198_935_ctnr_m_198_935,11,https://www.tff.org/Default.aspx?pageID=198&hafta=11#macctl00_MPane_m_198_935_ctnr_m_198_935,09.11.2019,15:00,Genclerbirligi Ankara,2 - 1,Kayserispor
1590772604-738,https://www.tff.org/Default.aspx?pageID=198&hafta=1#macctl00_MPane_m_198_935_ctnr_m_198_935,11,https://www.tff.org/Default.aspx?pageID=198&hafta=11#macctl00_MPane_m_198_935_ctnr_m_198_935,10.11.2019,14:00,Göztepe,1 - 1,Yeni Malatyaspor
1590772604-736,https://www.tff.org/Default.aspx?pageID=198&hafta=1#macctl00_MPane_m_198_935_ctnr_m_198_935,11,https://www.tff.org/Default.aspx?pageID=198&hafta=11#macctl00_MPane_m_198_935_ctnr_m_198_935,09.11.2019,17:30,Caykur Rizespor,1 - 0, Antalyaspor
1590772604-741,https://www.tff.org/Default.aspx?pageID=198&hafta=1#macctl00_MPane_m_198_935_ctnr_m_198_935,11,https://www.tff.org/Default.aspx?pageID=198&hafta=11#macctl00_MPane_m_198_935_ctnr_m_198_935,10.11.2019,19:00,Besiktas JK,1 - 0,Denizlispor
1590772602-727,https://www.tff.org/Default.aspx?pageID=198&hafta=1#macctl00_MPane_m_198_935_ctnr_m_198_935,12,https://www.tff.org/Default.aspx?pageID=198&hafta=12#macctl00_MPane_m_198_935_ctnr_m_198_935,24.11.2019,14:00,Kayserispor,1 - 4,Sivasspor
1590772602-729,https://www.tff.org/Default.aspx?pageID=198&hafta=1#macctl00_MPane_m_198_935_ctnr_m_198_935,12,https://www.tff.org/Default.aspx?pageID=198&hafta=12#macctl00_MPane_m_198_935_ctnr_m_198_935,24.11.2019,16:32, Alanyaspor,0 - 1,Göztepe
1590772602-724,https://www.tff.org/Default.aspx?pageID=198&hafta=1#macctl00_MPane_m_198_935_ctnr_m_198_935,12,https://www.tff.org/Default.aspx?pageID=198&hafta=12#macctl00_MPane_m_198_935_ctnr_m_198_935,23.11.2019,15:00,Denizlispor,2 - 0,Caykur Rizespor
1590772602-732,https://www.tff.org/Default.aspx?pageID=198&hafta=1#macctl00_MPane_m_198_935_ctnr_m_198_935,12,https://www.tff.org/Default.aspx?pageID=198&hafta=12#macctl00_MPane_m_198_935_ctnr_m_198_935,,,,,
1590772602-723,https://www.tff.org/Default.aspx?pageID=198&hafta=1#macctl00_MPane_m_198_935_ctnr_m_198_935,12,https://www.tff.org/Default.aspx?pageID=198&hafta=12#macctl00_MPane_m_198_935_ctnr_m_198_935,22.11.2019,20:30,Galatasaray SK,0 - 1,Istanbul Basaksehir FK
1590772602-726,https://www.tff.org/Default.aspx?pageID=198&hafta=1#macctl00_MPane_m_198_935_ctnr_m_198_935,12,https://www.tff.org/Default.aspx?pageID=198&hafta=12#macctl00_MPane_m_198_935_ctnr_m_198_935,23.11.2019,20:00,Konyaspor,0 - 1,Besiktas JK
1590772602-731,https://www.tff.org/Default.aspx?pageID=198&hafta=1#macctl00_MPane_m_198_935_ctnr_m_198_935,12,https://www.tff.org/Default.aspx?pageID=198&hafta=12#macctl00_MPane_m_198_935_ctnr_m_198_935,25.11.2019,20:00, Antalyaspor,1 - 1,Gaziantep FK
1590772602-725,https://www.tff.org/Default.aspx?pageID=198&hafta=1#macctl00_MPane_m_198_935_ctnr_m_198_935,12,https://www.tff.org/Default.aspx?pageID=198&hafta=12#macctl00_MPane_m_198_935_ctnr_m_198_935,23.11.2019,17:30,MKE Ankaragücü,0 - 3,Trabzonspor
1590772602-728,https://www.tff.org/Default.aspx?pageID=198&hafta=1#macctl00_MPane_m_198_935_ctnr_m_198_935,12,https://www.tff.org/Default.aspx?pageID=198&hafta=12#macctl00_MPane_m_198_935_ctnr_m_198_935,24.11.2019,16:30,Kasimpasa,1 - 2,Genclerbirligi Ankara
1590772602-730,https://www.tff.org/Default.aspx?pageID=198&hafta=1#macctl00_MPane_m_198_935_ctnr_m_198_935,12,https://www.tff.org/Default.aspx?pageID=198&hafta=12#macctl00_MPane_m_198_935_ctnr_m_198_935,24.11.2019,19:00,Yeni Malatyaspor,0 - 0,Fenerbahce SK
1590772600-719,https://www.tff.org/Default.aspx?pageID=198&hafta=1#macctl00_MPane_m_198_935_ctnr_m_198_935,13,https://www.tff.org/Default.aspx?pageID=198&hafta=13#macctl00_MPane_m_198_935_ctnr_m_198_935,01.12.2019,16:30,Istanbul Basaksehir FK,2 - 0, Antalyaspor
1590772600-716,https://www.tff.org/Default.aspx?pageID=198&hafta=1#macctl00_MPane_m_198_935_ctnr_m_198_935,13,https://www.tff.org/Default.aspx?pageID=198&hafta=13#macctl00_MPane_m_198_935_ctnr_m_198_935,30.11.2019,17:30, Alanyaspor,5 - 0,MKE Ankaragücü
1590772600-717,https://www.tff.org/Default.aspx?pageID=198&hafta=1#macctl00_MPane_m_198_935_ctnr_m_198_935,13,https://www.tff.org/Default.aspx?pageID=198&hafta=13#macctl00_MPane_m_198_935_ctnr_m_198_935,30.11.2019,20:00,Göztepe,2 - 2,Fenerbahce SK
1590772600-715,https://www.tff.org/Default.aspx?pageID=198&hafta=1#macctl00_MPane_m_198_935_ctnr_m_198_935,13,https://www.tff.org/Default.aspx?pageID=198&hafta=13#macctl00_MPane_m_198_935_ctnr_m_198_935,30.11.2019,15:00,Caykur Rizespor,3 - 1,Konyaspor
1590772600-720,https://www.tff.org/Default.aspx?pageID=198&hafta=1#macctl00_MPane_m_198_935_ctnr_m_198_935,13,https://www.tff.org/Default.aspx?pageID=198&hafta=13#macctl00_MPane_m_198_935_ctnr_m_198_935,01.12.2019,19:00,Trabzonspor,1 - 1,Galatasaray SK
1590772600-714,https://www.tff.org/Default.aspx?pageID=198&hafta=1#macctl00_MPane_m_198_935_ctnr_m_198_935,13,https://www.tff.org/Default.aspx?pageID=198&hafta=13#macctl00_MPane_m_198_935_ctnr_m_198_935,30.11.2019,15:00,Sivasspor,2 - 0,Kasimpasa
1590772600-718,https://www.tff.org/Default.aspx?pageID=198&hafta=1#macctl00_MPane_m_198_935_ctnr_m_198_935,13,https://www.tff.org/Default.aspx?pageID=198&hafta=13#macctl00_MPane_m_198_935_ctnr_m_198_935,01.12.2019,14:00,Gaziantep FK,1 - 2,Denizlispor
1590772600-721,https://www.tff.org/Default.aspx?pageID=198&hafta=1#macctl00_MPane_m_198_935_ctnr_m_198_935,13,https://www.tff.org/Default.aspx?pageID=198&hafta=13#macctl00_MPane_m_198_935_ctnr_m_198_935,02.12.2019,20:00,Besiktas JK,4 - 1,Kayserispor
1590772600-713,https://www.tff.org/Default.aspx?pageID=198&hafta=1#macctl00_MPane_m_198_935_ctnr_m_198_935,13,https://www.tff.org/Default.aspx?pageID=198&hafta=13#macctl00_MPane_m_198_935_ctnr_m_198_935,29.11.2019,20:30,Genclerbirligi Ankara,3 - 3,Yeni Malatyaspor
1590772600-722,https://www.tff.org/Default.aspx?pageID=198&hafta=1#macctl00_MPane_m_198_935_ctnr_m_198_935,13,https://www.tff.org/Default.aspx?pageID=198&hafta=13#macctl00_MPane_m_198_935_ctnr_m_198_935,,,,,
1590772598-709,https://www.tff.org/Default.aspx?pageID=198&hafta=1#macctl00_MPane_m_198_935_ctnr_m_198_935,14,https://www.tff.org/Default.aspx?pageID=198&hafta=14#macctl00_MPane_m_198_935_ctnr_m_198_935,08.12.2019,16:30,Denizlispor,1 - 1,Istanbul Basaksehir FK
1590772598-710,https://www.tff.org/Default.aspx?pageID=198&hafta=1#macctl00_MPane_m_198_935_ctnr_m_198_935,14,https://www.tff.org/Default.aspx?pageID=198&hafta=14#macctl00_MPane_m_198_935_ctnr_m_198_935,08.12.2019,19:00,Kasimpasa,2 - 3,Besiktas JK
1590772598-711,https://www.tff.org/Default.aspx?pageID=198&hafta=1#macctl00_MPane_m_198_935_ctnr_m_198_935,14,https://www.tff.org/Default.aspx?pageID=198&hafta=14#macctl00_MPane_m_198_935_ctnr_m_198_935,09.12.2019,20:00,Kayserispor,1 - 0,Caykur Rizespor
1590772598-703,https://www.tff.org/Default.aspx?pageID=198&hafta=1#macctl00_MPane_m_198_935_ctnr_m_198_935,14,https://www.tff.org/Default.aspx?pageID=198&hafta=14#macctl00_MPane_m_198_935_ctnr_m_198_935,06.12.2019,20:30,Fenerbahce SK,5 - 2,Genclerbirligi Ankara
1590772598-712,https://www.tff.org/Default.aspx?pageID=198&hafta=1#macctl00_MPane_m_198_935_ctnr_m_198_935,14,https://www.tff.org/Default.aspx?pageID=198&hafta=14#macctl00_MPane_m_198_935_ctnr_m_198_935,,,,,
1590772598-704,https://www.tff.org/Default.aspx?pageID=198&hafta=1#macctl00_MPane_m_198_935_ctnr_m_198_935,14,https://www.tff.org/Default.aspx?pageID=198&hafta=14#macctl00_MPane_m_198_935_ctnr_m_198_935,07.12.2019,15:00,Yeni Malatyaspor,1 - 3,Sivasspor
1590772598-705,https://www.tff.org/Default.aspx?pageID=198&hafta=1#macctl00_MPane_m_198_935_ctnr_m_198_935,14,https://www.tff.org/Default.aspx?pageID=198&hafta=14#macctl00_MPane_m_198_935_ctnr_m_198_935,07.12.2019,17:30,MKE Ankaragücü,1 - 3,Göztepe
1590772598-706,https://www.tff.org/Default.aspx?pageID=198&hafta=1#macctl00_MPane_m_198_935_ctnr_m_198_935,14,https://www.tff.org/Default.aspx?pageID=198&hafta=14#macctl00_MPane_m_198_935_ctnr_m_198_935,07.12.2019,20:00,Galatasaray SK,1 - 0, Alanyaspor
1590772598-708,https://www.tff.org/Default.aspx?pageID=198&hafta=1#macctl00_MPane_m_198_935_ctnr_m_198_935,14,https://www.tff.org/Default.aspx?pageID=198&hafta=14#macctl00_MPane_m_198_935_ctnr_m_198_935,08.12.2019,16:30, Antalyaspor,1 - 3,Trabzonspor
1590772598-707,https://www.tff.org/Default.aspx?pageID=198&hafta=1#macctl00_MPane_m_198_935_ctnr_m_198_935,14,https://www.tff.org/Default.aspx?pageID=198&hafta=14#macctl00_MPane_m_198_935_ctnr_m_198_935,08.12.2019,14:00,Konyaspor,0 - 0,Gaziantep FK
1590772596-701,https://www.tff.org/Default.aspx?pageID=198&hafta=1#macctl00_MPane_m_198_935_ctnr_m_198_935,15,https://www.tff.org/Default.aspx?pageID=198&hafta=15#macctl00_MPane_m_198_935_ctnr_m_198_935,16.12.2019,20:00,Istanbul Basaksehir FK,1 - 1,Konyaspor
1590772596-697,https://www.tff.org/Default.aspx?pageID=198&hafta=1#macctl00_MPane_m_198_935_ctnr_m_198_935,15,https://www.tff.org/Default.aspx?pageID=198&hafta=15#macctl00_MPane_m_198_935_ctnr_m_198_935,15.12.2019,14:00,Gaziantep FK,3 - 0,Kayserispor
1590772596-700,https://www.tff.org/Default.aspx?pageID=198&hafta=1#macctl00_MPane_m_198_935_ctnr_m_198_935,15,https://www.tff.org/Default.aspx?pageID=198&hafta=15#macctl00_MPane_m_198_935_ctnr_m_198_935,16.12.2019,20:00,Trabzonspor,1 - 2,Denizlispor
1590772596-702,https://www.tff.org/Default.aspx?pageID=198&hafta=1#macctl00_MPane_m_198_935_ctnr_m_198_935,15,https://www.tff.org/Default.aspx?pageID=198&hafta=15#macctl00_MPane_m_198_935_ctnr_m_198_935,,,,,
1590772596-699,https://www.tff.org/Default.aspx?pageID=198&hafta=1#macctl00_MPane_m_198_935_ctnr_m_198_935,15,https://www.tff.org/Default.aspx?pageID=198&hafta=15#macctl00_MPane_m_198_935_ctnr_m_198_935,15.12.2019,19:00,Besiktas JK,0 - 2,Yeni Malatyaspor
1590772596-695,https://www.tff.org/Default.aspx?pageID=198&hafta=1#macctl00_MPane_m_198_935_ctnr_m_198_935,15,https://www.tff.org/Default.aspx?pageID=198&hafta=15#macctl00_MPane_m_198_935_ctnr_m_198_935,14.12.2019,17:00,Genclerbirligi Ankara,3 - 1,Göztepe
1590772596-693,https://www.tff.org/Default.aspx?pageID=198&hafta=1#macctl00_MPane_m_198_935_ctnr_m_198_935,15,https://www.tff.org/Default.aspx?pageID=198&hafta=15#macctl00_MPane_m_198_935_ctnr_m_198_935,13.12.2019,20:30, Alanyaspor,0 - 0, Antalyaspor
1590772596-694,https://www.tff.org/Default.aspx?pageID=198&hafta=1#macctl00_MPane_m_198_935_ctnr_m_198_935,15,https://www.tff.org/Default.aspx?pageID=198&hafta=15#macctl00_MPane_m_198_935_ctnr_m_198_935,14.12.2019,15:00,Caykur Rizespor,0 - 3,Kasimpasa
1590772596-696,https://www.tff.org/Default.aspx?pageID=198&hafta=1#macctl00_MPane_m_198_935_ctnr_m_198_935,15,https://www.tff.org/Default.aspx?pageID=198&hafta=15#macctl00_MPane_m_198_935_ctnr_m_198_935,14.12.2019,20:00,Galatasaray SK,2 - 2,MKE Ankaragücü
1590772596-698,https://www.tff.org/Default.aspx?pageID=198&hafta=1#macctl00_MPane_m_198_935_ctnr_m_198_935,15,https://www.tff.org/Default.aspx?pageID=198&hafta=15#macctl00_MPane_m_198_935_ctnr_m_198_935,15.12.2019,16:30,Sivasspor,3 - 1,Fenerbahce SK
1590772594-690,https://www.tff.org/Default.aspx?pageID=198&hafta=1#macctl00_MPane_m_198_935_ctnr_m_198_935,16,https://www.tff.org/Default.aspx?pageID=198&hafta=16#macctl00_MPane_m_198_935_ctnr_m_198_935,23.12.2019,20:00,Konyaspor,0 - 1,Trabzonspor
1590772594-688,https://www.tff.org/Default.aspx?pageID=198&hafta=1#macctl00_MPane_m_198_935_ctnr_m_198_935,16,https://www.tff.org/Default.aspx?pageID=198&hafta=16#macctl00_MPane_m_198_935_ctnr_m_198_935,22.12.2019,16:30,Kayserispor,1 - 4,Istanbul Basaksehir FK
1590772594-684,https://www.tff.org/Default.aspx?pageID=198&hafta=1#macctl00_MPane_m_198_935_ctnr_m_198_935,16,https://www.tff.org/Default.aspx?pageID=198&hafta=16#macctl00_MPane_m_198_935_ctnr_m_198_935,21.12.2019,15:00,Yeni Malatyaspor,0 - 2,Caykur Rizespor
1590772594-683,https://www.tff.org/Default.aspx?pageID=198&hafta=1#macctl00_MPane_m_198_935_ctnr_m_198_935,16,https://www.tff.org/Default.aspx?pageID=198&hafta=16#macctl00_MPane_m_198_935_ctnr_m_198_935,20.12.2019,20:30, Antalyaspor,2 - 2,MKE Ankaragücü
1590772594-685,https://www.tff.org/Default.aspx?pageID=198&hafta=1#macctl00_MPane_m_198_935_ctnr_m_198_935,16,https://www.tff.org/Default.aspx?pageID=198&hafta=16#macctl00_MPane_m_198_935_ctnr_m_198_935,21.12.2019,17:30,Kasimpasa,3 - 4,Gaziantep FK
1590772594-686,https://www.tff.org/Default.aspx?pageID=198&hafta=1#macctl00_MPane_m_198_935_ctnr_m_198_935,16,https://www.tff.org/Default.aspx?pageID=198&hafta=16#macctl00_MPane_m_198_935_ctnr_m_198_935,21.12.2019,20:00,Göztepe,2 - 1,Galatasaray SK
1590772594-691,https://www.tff.org/Default.aspx?pageID=198&hafta=1#macctl00_MPane_m_198_935_ctnr_m_198_935,16,https://www.tff.org/Default.aspx?pageID=198&hafta=16#macctl00_MPane_m_198_935_ctnr_m_198_935,23.12.2019,20:00,Denizlispor,1 - 5, Alanyaspor
1590772594-689,https://www.tff.org/Default.aspx?pageID=198&hafta=1#macctl00_MPane_m_198_935_ctnr_m_198_935,16,https://www.tff.org/Default.aspx?pageID=198&hafta=16#macctl00_MPane_m_198_935_ctnr_m_198_935,22.12.2019,19:00,Fenerbahce SK,3 - 1,Besiktas JK
1590772594-692,https://www.tff.org/Default.aspx?pageID=198&hafta=1#macctl00_MPane_m_198_935_ctnr_m_198_935,16,https://www.tff.org/Default.aspx?pageID=198&hafta=16#macctl00_MPane_m_198_935_ctnr_m_198_935,,,,,
1590772594-687,https://www.tff.org/Default.aspx?pageID=198&hafta=1#macctl00_MPane_m_198_935_ctnr_m_198_935,16,https://www.tff.org/Default.aspx?pageID=198&hafta=16#macctl00_MPane_m_198_935_ctnr_m_198_935,22.12.2019,14:00,Genclerbirligi Ankara,2 - 2,Sivasspor
1590772592-682,https://www.tff.org/Default.aspx?pageID=198&hafta=1#macctl00_MPane_m_198_935_ctnr_m_198_935,17,https://www.tff.org/Default.aspx?pageID=198&hafta=17#macctl00_MPane_m_198_935_ctnr_m_198_935,,,,,
1590772592-681,https://www.tff.org/Default.aspx?pageID=198&hafta=1#macctl00_MPane_m_198_935_ctnr_m_198_935,17,https://www.tff.org/Default.aspx?pageID=198&hafta=17#macctl00_MPane_m_198_935_ctnr_m_198_935,29.12.2019,19:00,Caykur Rizespor,1 - 2,Fenerbahce SK
1590772592-675,https://www.tff.org/Default.aspx?pageID=198&hafta=1#macctl00_MPane_m_198_935_ctnr_m_198_935,17,https://www.tff.org/Default.aspx?pageID=198&hafta=17#macctl00_MPane_m_198_935_ctnr_m_198_935,28.12.2019,17:30,Istanbul Basaksehir FK,5 - 1,Kasimpasa
1590772592-679,https://www.tff.org/Default.aspx?pageID=198&hafta=1#macctl00_MPane_m_198_935_ctnr_m_198_935,17,https://www.tff.org/Default.aspx?pageID=198&hafta=17#macctl00_MPane_m_198_935_ctnr_m_198_935,29.12.2019,16:30, Alanyaspor,2 - 1,Konyaspor
1590772592-678,https://www.tff.org/Default.aspx?pageID=198&hafta=1#macctl00_MPane_m_198_935_ctnr_m_198_935,17,https://www.tff.org/Default.aspx?pageID=198&hafta=17#macctl00_MPane_m_198_935_ctnr_m_198_935,29.12.2019,14:00,Sivasspor,1 - 0,Göztepe
1590772592-674,https://www.tff.org/Default.aspx?pageID=198&hafta=1#macctl00_MPane_m_198_935_ctnr_m_198_935,17,https://www.tff.org/Default.aspx?pageID=198&hafta=17#macctl00_MPane_m_198_935_ctnr_m_198_935,28.12.2019,15:00,MKE Ankaragücü,2 - 2,Denizlispor
1590772592-677,https://www.tff.org/Default.aspx?pageID=198&hafta=1#macctl00_MPane_m_198_935_ctnr_m_198_935,17,https://www.tff.org/Default.aspx?pageID=198&hafta=17#macctl00_MPane_m_198_935_ctnr_m_198_935,28.12.2019,20:00,Galatasaray SK,5 - 0, Antalyaspor
1590772592-680,https://www.tff.org/Default.aspx?pageID=198&hafta=1#macctl00_MPane_m_198_935_ctnr_m_198_935,17,https://www.tff.org/Default.aspx?pageID=198&hafta=17#macctl00_MPane_m_198_935_ctnr_m_198_935,29.12.2019,16:30,Gaziantep FK,1 - 1,Yeni Malatyaspor
1590772592-673,https://www.tff.org/Default.aspx?pageID=198&hafta=1#macctl00_MPane_m_198_935_ctnr_m_198_935,17,https://www.tff.org/Default.aspx?pageID=198&hafta=17#macctl00_MPane_m_198_935_ctnr_m_198_935,27.12.2019,20:30,Besiktas JK,4 - 1,Genclerbirligi Ankara
1590772592-676,https://www.tff.org/Default.aspx?pageID=198&hafta=1#macctl00_MPane_m_198_935_ctnr_m_198_935,17,https://www.tff.org/Default.aspx?pageID=198&hafta=17#macctl00_MPane_m_198_935_ctnr_m_198_935,28.12.2019,17:30,Trabzonspor,6 - 2,Kayserispor
1590772590-669,https://www.tff.org/Default.aspx?pageID=198&hafta=1#macctl00_MPane_m_198_935_ctnr_m_198_935,18,https://www.tff.org/Default.aspx?pageID=198&hafta=18#macctl00_MPane_m_198_935_ctnr_m_198_935,19.01.2020,16:00,Galatasaray SK,2 - 1,Denizlispor
1590772590-668,https://www.tff.org/Default.aspx?pageID=198&hafta=1#macctl00_MPane_m_198_935_ctnr_m_198_935,18,https://www.tff.org/Default.aspx?pageID=198&hafta=18#macctl00_MPane_m_198_935_ctnr_m_198_935,19.01.2020,16:00,Trabzonspor,6 - 0,Kasimpasa
1590772590-664,https://www.tff.org/Default.aspx?pageID=198&hafta=1#macctl00_MPane_m_198_935_ctnr_m_198_935,18,https://www.tff.org/Default.aspx?pageID=198&hafta=18#macctl00_MPane_m_198_935_ctnr_m_198_935,18.01.2020,14:00, Alanyaspor,5 - 1,Kayserispor
1590772590-670,https://www.tff.org/Default.aspx?pageID=198&hafta=1#macctl00_MPane_m_198_935_ctnr_m_198_935,18,https://www.tff.org/Default.aspx?pageID=198&hafta=18#macctl00_MPane_m_198_935_ctnr_m_198_935,19.01.2020,19:00,Besiktas JK,1 - 2,Sivasspor
1590772590-671,https://www.tff.org/Default.aspx?pageID=198&hafta=1#macctl00_MPane_m_198_935_ctnr_m_198_935,18,https://www.tff.org/Default.aspx?pageID=198&hafta=18#macctl00_MPane_m_198_935_ctnr_m_198_935,20.01.2020,20:00,Caykur Rizespor,2 - 0,Genclerbirligi Ankara
1590772590-672,https://www.tff.org/Default.aspx?pageID=198&hafta=1#macctl00_MPane_m_198_935_ctnr_m_198_935,18,https://www.tff.org/Default.aspx?pageID=198&hafta=18#macctl00_MPane_m_198_935_ctnr_m_198_935,,,,,
1590772590-663,https://www.tff.org/Default.aspx?pageID=198&hafta=1#macctl00_MPane_m_198_935_ctnr_m_198_935,18,https://www.tff.org/Default.aspx?pageID=198&hafta=18#macctl00_MPane_m_198_935_ctnr_m_198_935,17.01.2020,20:00,MKE Ankaragücü,0 - 1,Konyaspor
1590772590-666,https://www.tff.org/Default.aspx?pageID=198&hafta=1#macctl00_MPane_m_198_935_ctnr_m_198_935,18,https://www.tff.org/Default.aspx?pageID=198&hafta=18#macctl00_MPane_m_198_935_ctnr_m_198_935,18.01.2020,20:00,Gaziantep FK,0 - 2,Fenerbahce SK
1590772590-667,https://www.tff.org/Default.aspx?pageID=198&hafta=1#macctl00_MPane_m_198_935_ctnr_m_198_935,18,https://www.tff.org/Default.aspx?pageID=198&hafta=18#macctl00_MPane_m_198_935_ctnr_m_198_935,19.01.2020,13:30, Antalyaspor,0 - 3,Göztepe
1590772590-665,https://www.tff.org/Default.aspx?pageID=198&hafta=1#macctl00_MPane_m_198_935_ctnr_m_198_935,18,https://www.tff.org/Default.aspx?pageID=198&hafta=18#macctl00_MPane_m_198_935_ctnr_m_198_935,18.01.2020,17:00,Istanbul Basaksehir FK,4 - 1,Yeni Malatyaspor
1590772588-660,https://www.tff.org/Default.aspx?pageID=198&hafta=1#macctl00_MPane_m_198_935_ctnr_m_198_935,19,https://www.tff.org/Default.aspx?pageID=198&hafta=19#macctl00_MPane_m_198_935_ctnr_m_198_935,27.01.2020,20:00,Sivasspor,1 - 1,Caykur Rizespor
1590772588-657,https://www.tff.org/Default.aspx?pageID=198&hafta=1#macctl00_MPane_m_198_935_ctnr_m_198_935,19,https://www.tff.org/Default.aspx?pageID=198&hafta=19#macctl00_MPane_m_198_935_ctnr_m_198_935,26.01.2020,13:30,Denizlispor,0 - 3, Antalyaspor
1590772588-658,https://www.tff.org/Default.aspx?pageID=198&hafta=1#macctl00_MPane_m_198_935_ctnr_m_198_935,19,https://www.tff.org/Default.aspx?pageID=198&hafta=19#macctl00_MPane_m_198_935_ctnr_m_198_935,26.01.2020,16:00,Göztepe,2 - 1,Besiktas JK
1590772588-661,https://www.tff.org/Default.aspx?pageID=198&hafta=1#macctl00_MPane_m_198_935_ctnr_m_198_935,19,https://www.tff.org/Default.aspx?pageID=198&hafta=19#macctl00_MPane_m_198_935_ctnr_m_198_935,11.03.2020,20:00,Yeni Malatyaspor,1 - 3,Trabzonspor
1590772588-653,https://www.tff.org/Default.aspx?pageID=198&hafta=1#macctl00_MPane_m_198_935_ctnr_m_198_935,19,https://www.tff.org/Default.aspx?pageID=198&hafta=19#macctl00_MPane_m_198_935_ctnr_m_198_935,24.01.2020,20:00,Genclerbirligi Ankara,1 - 0,Gaziantep FK
1590772588-656,https://www.tff.org/Default.aspx?pageID=198&hafta=1#macctl00_MPane_m_198_935_ctnr_m_198_935,19,https://www.tff.org/Default.aspx?pageID=198&hafta=19#macctl00_MPane_m_198_935_ctnr_m_198_935,25.01.2020,20:00,Fenerbahce SK,2 - 0,Istanbul Basaksehir FK
1590772588-662,https://www.tff.org/Default.aspx?pageID=198&hafta=1#macctl00_MPane_m_198_935_ctnr_m_198_935,19,https://www.tff.org/Default.aspx?pageID=198&hafta=19#macctl00_MPane_m_198_935_ctnr_m_198_935,,,,,
1590772588-659,https://www.tff.org/Default.aspx?pageID=198&hafta=1#macctl00_MPane_m_198_935_ctnr_m_198_935,19,https://www.tff.org/Default.aspx?pageID=198&hafta=19#macctl00_MPane_m_198_935_ctnr_m_198_935,26.01.2020,19:00,Konyaspor,0 - 3,Galatasaray SK
1590772588-655,https://www.tff.org/Default.aspx?pageID=198&hafta=1#macctl00_MPane_m_198_935_ctnr_m_198_935,19,https://www.tff.org/Default.aspx?pageID=198&hafta=19#macctl00_MPane_m_198_935_ctnr_m_198_935,25.01.2020,17:00,Kasimpasa,1 - 2, Alanyaspor
1590772588-654,https://www.tff.org/Default.aspx?pageID=198&hafta=1#macctl00_MPane_m_198_935_ctnr_m_198_935,19,https://www.tff.org/Default.aspx?pageID=198&hafta=19#macctl00_MPane_m_198_935_ctnr_m_198_935,25.01.2020,14:00,Kayserispor,1 - 1,MKE Ankaragücü
1590772586-651,https://www.tff.org/Default.aspx?pageID=198&hafta=1#macctl00_MPane_m_198_935_ctnr_m_198_935,20,https://www.tff.org/Default.aspx?pageID=198&hafta=20#macctl00_MPane_m_198_935_ctnr_m_198_935,03.02.2020,20:00,Denizlispor,1 - 1,Göztepe
1590772586-644,https://www.tff.org/Default.aspx?pageID=198&hafta=1#macctl00_MPane_m_198_935_ctnr_m_198_935,20,https://www.tff.org/Default.aspx?pageID=198&hafta=20#macctl00_MPane_m_198_935_ctnr_m_198_935,01.02.2020,14:00, Antalyaspor,0 - 0,Konyaspor
1590772586-643,https://www.tff.org/Default.aspx?pageID=198&hafta=1#macctl00_MPane_m_198_935_ctnr_m_198_935,20,https://www.tff.org/Default.aspx?pageID=198&hafta=20#macctl00_MPane_m_198_935_ctnr_m_198_935,31.01.2020,20:00,Istanbul Basaksehir FK,3 - 1,Genclerbirligi Ankara
1590772586-645,https://www.tff.org/Default.aspx?pageID=198&hafta=1#macctl00_MPane_m_198_935_ctnr_m_198_935,20,https://www.tff.org/Default.aspx?pageID=198&hafta=20#macctl00_MPane_m_198_935_ctnr_m_198_935,01.02.2020,17:00,Caykur Rizespor,1 - 2,Besiktas JK
1590772586-649,https://www.tff.org/Default.aspx?pageID=198&hafta=1#macctl00_MPane_m_198_935_ctnr_m_198_935,20,https://www.tff.org/Default.aspx?pageID=198&hafta=20#macctl00_MPane_m_198_935_ctnr_m_198_935,02.02.2020,16:00, Alanyaspor,2 - 1,Yeni Malatyaspor
1590772586-647,https://www.tff.org/Default.aspx?pageID=198&hafta=1#macctl00_MPane_m_198_935_ctnr_m_198_935,20,https://www.tff.org/Default.aspx?pageID=198&hafta=20#macctl00_MPane_m_198_935_ctnr_m_198_935,02.02.2020,13:30,MKE Ankaragücü,1 - 1,Kasimpasa
1590772586-652,https://www.tff.org/Default.aspx?pageID=198&hafta=1#macctl00_MPane_m_198_935_ctnr_m_198_935,20,https://www.tff.org/Default.aspx?pageID=198&hafta=20#macctl00_MPane_m_198_935_ctnr_m_198_935,,,,,
1590772586-650,https://www.tff.org/Default.aspx?pageID=198&hafta=1#macctl00_MPane_m_198_935_ctnr_m_198_935,20,https://www.tff.org/Default.aspx?pageID=198&hafta=20#macctl00_MPane_m_198_935_ctnr_m_198_935,02.02.2020,19:00,Galatasaray SK,4 - 1,Kayserispor
1590772586-646,https://www.tff.org/Default.aspx?pageID=198&hafta=1#macctl00_MPane_m_198_935_ctnr_m_198_935,20,https://www.tff.org/Default.aspx?pageID=198&hafta=20#macctl00_MPane_m_198_935_ctnr_m_198_935,01.02.2020,20:00,Trabzonspor,2 - 1,Fenerbahce SK
1590772586-648,https://www.tff.org/Default.aspx?pageID=198&hafta=1#macctl00_MPane_m_198_935_ctnr_m_198_935,20,https://www.tff.org/Default.aspx?pageID=198&hafta=20#macctl00_MPane_m_198_935_ctnr_m_198_935,02.02.2020,16:00,Gaziantep FK,5 - 1,Sivasspor
1590772583-637,https://www.tff.org/Default.aspx?pageID=198&hafta=1#macctl00_MPane_m_198_935_ctnr_m_198_935,21,https://www.tff.org/Default.aspx?pageID=198&hafta=21#macctl00_MPane_m_198_935_ctnr_m_198_935,08.02.2020,20:00,Fenerbahce SK,1 - 1, Alanyaspor
1590772583-634,https://www.tff.org/Default.aspx?pageID=198&hafta=1#macctl00_MPane_m_198_935_ctnr_m_198_935,21,https://www.tff.org/Default.aspx?pageID=198&hafta=21#macctl00_MPane_m_198_935_ctnr_m_198_935,08.02.2020,14:00,Konyaspor,0 - 0,Denizlispor
1590772583-635,https://www.tff.org/Default.aspx?pageID=198&hafta=1#macctl00_MPane_m_198_935_ctnr_m_198_935,21,https://www.tff.org/Default.aspx?pageID=198&hafta=21#macctl00_MPane_m_198_935_ctnr_m_198_935,08.02.2020,17:00,Genclerbirligi Ankara,0 - 2,Trabzonspor
1590772583-640,https://www.tff.org/Default.aspx?pageID=198&hafta=1#macctl00_MPane_m_198_935_ctnr_m_198_935,21,https://www.tff.org/Default.aspx?pageID=198&hafta=21#macctl00_MPane_m_198_935_ctnr_m_198_935,09.02.2020,19:00,Kasimpasa,0 - 3,Galatasaray SK
1590772583-641,https://www.tff.org/Default.aspx?pageID=198&hafta=1#macctl00_MPane_m_198_935_ctnr_m_198_935,21,https://www.tff.org/Default.aspx?pageID=198&hafta=21#macctl00_MPane_m_198_935_ctnr_m_198_935,17.03.2020,20:00,Göztepe,2 - 0,Caykur Rizespor
1590772583-638,https://www.tff.org/Default.aspx?pageID=198&hafta=1#macctl00_MPane_m_198_935_ctnr_m_198_935,21,https://www.tff.org/Default.aspx?pageID=198&hafta=21#macctl00_MPane_m_198_935_ctnr_m_198_935,09.02.2020,13:30,Kayserispor,2 - 2,Antalyaspor
1590772583-639,https://www.tff.org/Default.aspx?pageID=198&hafta=1#macctl00_MPane_m_198_935_ctnr_m_198_935,21,https://www.tff.org/Default.aspx?pageID=198&hafta=21#macctl00_MPane_m_198_935_ctnr_m_198_935,09.02.2020,16:00,Sivasspor,1 - 1,Istanbul Basaksehir FK
1590772583-633,https://www.tff.org/Default.aspx?pageID=198&hafta=1#macctl00_MPane_m_198_935_ctnr_m_198_935,21,https://www.tff.org/Default.aspx?pageID=198&hafta=21#macctl00_MPane_m_198_935_ctnr_m_198_935,07.02.2020,20:00,Yeni Malatyaspor,0 - 1,MKE Ankaragücü
1590772583-642,https://www.tff.org/Default.aspx?pageID=198&hafta=1#macctl00_MPane_m_198_935_ctnr_m_198_935,21,https://www.tff.org/Default.aspx?pageID=198&hafta=21#macctl00_MPane_m_198_935_ctnr_m_198_935,,,,,
1590772583-636,https://www.tff.org/Default.aspx?pageID=198&hafta=1#macctl00_MPane_m_198_935_ctnr_m_198_935,21,https://www.tff.org/Default.aspx?pageID=198&hafta=21#macctl00_MPane_m_198_935_ctnr_m_198_935,08.02.2020,17:00,Besiktas JK,3 - 0,Gaziantep FK
1590772581-628,https://www.tff.org/Default.aspx?pageID=198&hafta=1#macctl00_MPane_m_198_935_ctnr_m_198_935,22,https://www.tff.org/Default.aspx?pageID=198&hafta=22#macctl00_MPane_m_198_935_ctnr_m_198_935,16.02.2020,16:00,Trabzonspor,2 - 1,Sivasspor
1590772581-624,https://www.tff.org/Default.aspx?pageID=198&hafta=1#macctl00_MPane_m_198_935_ctnr_m_198_935,22,https://www.tff.org/Default.aspx?pageID=198&hafta=22#macctl00_MPane_m_198_935_ctnr_m_198_935,15.02.2020,14:00,Denizlispor,0 - 1,Kayserispor
1590772581-630,https://www.tff.org/Default.aspx?pageID=198&hafta=1#macctl00_MPane_m_198_935_ctnr_m_198_935,22,https://www.tff.org/Default.aspx?pageID=198&hafta=22#macctl00_MPane_m_198_935_ctnr_m_198_935,17.02.2020,20:00,Gaziantep FK,2 - 0,Caykur Rizespor
1590772581-632,https://www.tff.org/Default.aspx?pageID=198&hafta=1#macctl00_MPane_m_198_935_ctnr_m_198_935,22,https://www.tff.org/Default.aspx?pageID=198&hafta=22#macctl00_MPane_m_198_935_ctnr_m_198_935,,,,,
1590772581-631,https://www.tff.org/Default.aspx?pageID=198&hafta=1#macctl00_MPane_m_198_935_ctnr_m_198_935,22,https://www.tff.org/Default.aspx?pageID=198&hafta=22#macctl00_MPane_m_198_935_ctnr_m_198_935,17.02.2020,20:00, Antalyaspor,3 - 1,Kasimpasa
1590772581-625,https://www.tff.org/Default.aspx?pageID=198&hafta=1#macctl00_MPane_m_198_935_ctnr_m_198_935,22,https://www.tff.org/Default.aspx?pageID=198&hafta=22#macctl00_MPane_m_198_935_ctnr_m_198_935,15.02.2020,17:00,Konyaspor,1 - 3,Göztepe
1590772581-627,https://www.tff.org/Default.aspx?pageID=198&hafta=1#macctl00_MPane_m_198_935_ctnr_m_198_935,22,https://www.tff.org/Default.aspx?pageID=198&hafta=22#macctl00_MPane_m_198_935_ctnr_m_198_935,16.02.2020,13:30, Alanyaspor,0 - 1,Genclerbirligi Ankara
1590772581-629,https://www.tff.org/Default.aspx?pageID=198&hafta=1#macctl00_MPane_m_198_935_ctnr_m_198_935,22,https://www.tff.org/Default.aspx?pageID=198&hafta=22#macctl00_MPane_m_198_935_ctnr_m_198_935,16.02.2020,19:00,Galatasaray SK,1 - 0,Yeni Malatyaspor
1590772581-626,https://www.tff.org/Default.aspx?pageID=198&hafta=1#macctl00_MPane_m_198_935_ctnr_m_198_935,22,https://www.tff.org/Default.aspx?pageID=198&hafta=22#macctl00_MPane_m_198_935_ctnr_m_198_935,15.02.2020,20:00,MKE Ankaragücü,2 - 1,Fenerbahce SK
1590772581-623,https://www.tff.org/Default.aspx?pageID=198&hafta=1#macctl00_MPane_m_198_935_ctnr_m_198_935,22,https://www.tff.org/Default.aspx?pageID=198&hafta=22#macctl00_MPane_m_198_935_ctnr_m_198_935,14.02.2020,20:00,Istanbul Basaksehir FK,1 - 0,Besiktas JK
1590772579-614,https://www.tff.org/Default.aspx?pageID=198&hafta=1#macctl00_MPane_m_198_935_ctnr_m_198_935,23,https://www.tff.org/Default.aspx?pageID=198&hafta=23#macctl00_MPane_m_198_935_ctnr_m_198_935,22.02.2020,14:00,Kayserispor,2 - 2,Konyaspor
1590772579-620,https://www.tff.org/Default.aspx?pageID=198&hafta=1#macctl00_MPane_m_198_935_ctnr_m_198_935,23,https://www.tff.org/Default.aspx?pageID=198&hafta=23#macctl00_MPane_m_198_935_ctnr_m_198_935,24.02.2020,20:00,Caykur Rizespor,1 - 2,Istanbul Basaksehir FK
1590772579-622,https://www.tff.org/Default.aspx?pageID=198&hafta=1#macctl00_MPane_m_198_935_ctnr_m_198_935,23,https://www.tff.org/Default.aspx?pageID=198&hafta=23#macctl00_MPane_m_198_935_ctnr_m_198_935,,,,,
1590772579-613,https://www.tff.org/Default.aspx?pageID=198&hafta=1#macctl00_MPane_m_198_935_ctnr_m_198_935,23,https://www.tff.org/Default.aspx?pageID=198&hafta=23#macctl00_MPane_m_198_935_ctnr_m_198_935,21.02.2020,20:00,Sivasspor,1 - 0, Alanyaspor
1590772579-616,https://www.tff.org/Default.aspx?pageID=198&hafta=1#macctl00_MPane_m_198_935_ctnr_m_198_935,23,https://www.tff.org/Default.aspx?pageID=198&hafta=23#macctl00_MPane_m_198_935_ctnr_m_198_935,22.02.2020,20:00,Besiktas JK,2 - 2,Trabzonspor
1590772579-621,https://www.tff.org/Default.aspx?pageID=198&hafta=1#macctl00_MPane_m_198_935_ctnr_m_198_935,23,https://www.tff.org/Default.aspx?pageID=198&hafta=23#macctl00_MPane_m_198_935_ctnr_m_198_935,24.02.2020,20:00,Kasimpasa,2 - 0,Denizlispor
1590772579-619,https://www.tff.org/Default.aspx?pageID=198&hafta=1#macctl00_MPane_m_198_935_ctnr_m_198_935,23,https://www.tff.org/Default.aspx?pageID=198&hafta=23#macctl00_MPane_m_198_935_ctnr_m_198_935,23.02.2020,19:00,Fenerbahce SK,1 - 3,Galatasaray SK
1590772579-618,https://www.tff.org/Default.aspx?pageID=198&hafta=1#macctl00_MPane_m_198_935_ctnr_m_198_935,23,https://www.tff.org/Default.aspx?pageID=198&hafta=23#macctl00_MPane_m_198_935_ctnr_m_198_935,23.02.2020,16:00,Genclerbirligi Ankara,1 - 0,MKE Ankaragücü
1590772579-615,https://www.tff.org/Default.aspx?pageID=198&hafta=1#macctl00_MPane_m_198_935_ctnr_m_198_935,23,https://www.tff.org/Default.aspx?pageID=198&hafta=23#macctl00_MPane_m_198_935_ctnr_m_198_935,22.02.2020,17:00,Göztepe,1 - 1,Gaziantep FK
1590772579-617,https://www.tff.org/Default.aspx?pageID=198&hafta=1#macctl00_MPane_m_198_935_ctnr_m_198_935,23,https://www.tff.org/Default.aspx?pageID=198&hafta=23#macctl00_MPane_m_198_935_ctnr_m_198_935,23.02.2020,13:30,Yeni Malatyaspor,1 - 2, Antalyaspor
1590772577-605,https://www.tff.org/Default.aspx?pageID=198&hafta=1#macctl00_MPane_m_198_935_ctnr_m_198_935,24,https://www.tff.org/Default.aspx?pageID=198&hafta=24#macctl00_MPane_m_198_935_ctnr_m_198_935,29.02.2020,17:00,Trabzonspor,5 - 2,Caykur Rizespor
1590772577-610,https://www.tff.org/Default.aspx?pageID=198&hafta=1#macctl00_MPane_m_198_935_ctnr_m_198_935,24,https://www.tff.org/Default.aspx?pageID=198&hafta=24#macctl00_MPane_m_198_935_ctnr_m_198_935,02.03.2020,20:00,Istanbul Basaksehir FK,3 - 1,Gaziantep FK
1590772577-612,https://www.tff.org/Default.aspx?pageID=198&hafta=1#macctl00_MPane_m_198_935_ctnr_m_198_935,24,https://www.tff.org/Default.aspx?pageID=198&hafta=24#macctl00_MPane_m_198_935_ctnr_m_198_935,,,,,
1590772577-604,https://www.tff.org/Default.aspx?pageID=198&hafta=1#macctl00_MPane_m_198_935_ctnr_m_198_935,24,https://www.tff.org/Default.aspx?pageID=198&hafta=24#macctl00_MPane_m_198_935_ctnr_m_198_935,29.02.2020,14:00,Konyaspor,0 - 0,Kasimpasa
1590772577-603,https://www.tff.org/Default.aspx?pageID=198&hafta=1#macctl00_MPane_m_198_935_ctnr_m_198_935,24,https://www.tff.org/Default.aspx?pageID=198&hafta=24#macctl00_MPane_m_198_935_ctnr_m_198_935,28.02.2020,20:00, Alanyaspor,1 - 2,Besiktas JK
1590772577-611,https://www.tff.org/Default.aspx?pageID=198&hafta=1#macctl00_MPane_m_198_935_ctnr_m_198_935,24,https://www.tff.org/Default.aspx?pageID=198&hafta=24#macctl00_MPane_m_198_935_ctnr_m_198_935,02.03.2020,20:00,Kayserispor,1 - 0,Göztepe
1590772577-609,https://www.tff.org/Default.aspx?pageID=198&hafta=1#macctl00_MPane_m_198_935_ctnr_m_198_935,24,https://www.tff.org/Default.aspx?pageID=198&hafta=24#macctl00_MPane_m_198_935_ctnr_m_198_935,01.03.2020,19:00,Galatasaray SK,3 - 0,Genclerbirligi Ankara
1590772577-608,https://www.tff.org/Default.aspx?pageID=198&hafta=1#macctl00_MPane_m_198_935_ctnr_m_198_935,24,https://www.tff.org/Default.aspx?pageID=198&hafta=24#macctl00_MPane_m_198_935_ctnr_m_198_935,01.03.2020,16:00,MKE Ankaragücü,0 - 3,Sivasspor
1590772577-607,https://www.tff.org/Default.aspx?pageID=198&hafta=1#macctl00_MPane_m_198_935_ctnr_m_198_935,24,https://www.tff.org/Default.aspx?pageID=198&hafta=24#macctl00_MPane_m_198_935_ctnr_m_198_935,01.03.2020,13:30,Denizlispor,2 - 0,Yeni Malatyaspor
1590772577-606,https://www.tff.org/Default.aspx?pageID=198&hafta=1#macctl00_MPane_m_198_935_ctnr_m_198_935,24,https://www.tff.org/Default.aspx?pageID=198&hafta=24#macctl00_MPane_m_198_935_ctnr_m_198_935,29.02.2020,20:00, Antalyaspor,2 - 2,Fenerbahce SK
1590772575-602,https://www.tff.org/Default.aspx?pageID=198&hafta=1#macctl00_MPane_m_198_935_ctnr_m_198_935,25,https://www.tff.org/Default.aspx?pageID=198&hafta=25#macctl00_MPane_m_198_935_ctnr_m_198_935,,,,,
1590772575-593,https://www.tff.org/Default.aspx?pageID=198&hafta=1#macctl00_MPane_m_198_935_ctnr_m_198_935,25,https://www.tff.org/Default.aspx?pageID=198&hafta=25#macctl00_MPane_m_198_935_ctnr_m_198_935,06.03.2020,20:00,Besiktas JK,2 - 1,MKE Ankaragücü
1590772575-598,https://www.tff.org/Default.aspx?pageID=198&hafta=1#macctl00_MPane_m_198_935_ctnr_m_198_935,25,https://www.tff.org/Default.aspx?pageID=198&hafta=25#macctl00_MPane_m_198_935_ctnr_m_198_935,08.03.2020,13:30,Kasimpasa,5 - 1,Kayserispor
1590772575-594,https://www.tff.org/Default.aspx?pageID=198&hafta=1#macctl00_MPane_m_198_935_ctnr_m_198_935,25,https://www.tff.org/Default.aspx?pageID=198&hafta=25#macctl00_MPane_m_198_935_ctnr_m_198_935,07.03.2020,14:00,Yeni Malatyaspor,1 - 1,Konyaspor
1590772575-595,https://www.tff.org/Default.aspx?pageID=198&hafta=1#macctl00_MPane_m_198_935_ctnr_m_198_935,25,https://www.tff.org/Default.aspx?pageID=198&hafta=25#macctl00_MPane_m_198_935_ctnr_m_198_935,07.03.2020,17:00,Gaziantep FK,1 - 1,Trabzonspor
1590772575-600,https://www.tff.org/Default.aspx?pageID=198&hafta=1#macctl00_MPane_m_198_935_ctnr_m_198_935,25,https://www.tff.org/Default.aspx?pageID=198&hafta=25#macctl00_MPane_m_198_935_ctnr_m_198_935,08.03.2020,19:00,Sivasspor,2 - 2,Galatasaray SK
1590772575-599,https://www.tff.org/Default.aspx?pageID=198&hafta=1#macctl00_MPane_m_198_935_ctnr_m_198_935,25,https://www.tff.org/Default.aspx?pageID=198&hafta=25#macctl00_MPane_m_198_935_ctnr_m_198_935,08.03.2020,16:00,Caykur Rizespor,1 - 1, Alanyaspor
1590772575-601,https://www.tff.org/Default.aspx?pageID=198&hafta=1#macctl00_MPane_m_198_935_ctnr_m_198_935,25,https://www.tff.org/Default.aspx?pageID=198&hafta=25#macctl00_MPane_m_198_935_ctnr_m_198_935,09.03.2020,20:00,Genclerbirligi Ankara,1 - 1, Antalyaspor
1590772575-596,https://www.tff.org/Default.aspx?pageID=198&hafta=1#macctl00_MPane_m_198_935_ctnr_m_198_935,25,https://www.tff.org/Default.aspx?pageID=198&hafta=25#macctl00_MPane_m_198_935_ctnr_m_198_935,07.03.2020,17:00,Göztepe,0 - 3,Istanbul Basaksehir FK
1590772575-597,https://www.tff.org/Default.aspx?pageID=198&hafta=1#macctl00_MPane_m_198_935_ctnr_m_198_935,25,https://www.tff.org/Default.aspx?pageID=198&hafta=25#macctl00_MPane_m_198_935_ctnr_m_198_935,07.03.2020,20:00,Fenerbahce SK,2 - 2,Denizlispor
1590772573-589,https://www.tff.org/Default.aspx?pageID=198&hafta=1#macctl00_MPane_m_198_935_ctnr_m_198_935,26,https://www.tff.org/Default.aspx?pageID=198&hafta=26#macctl00_MPane_m_198_935_ctnr_m_198_935,15.03.2020,16:00,Trabzonspor,1 - 1,Istanbul Basaksehir FK
1590772573-590,https://www.tff.org/Default.aspx?pageID=198&hafta=1#macctl00_MPane_m_198_935_ctnr_m_198_935,26,https://www.tff.org/Default.aspx?pageID=198&hafta=26#macctl00_MPane_m_198_935_ctnr_m_198_935,15.03.2020,19:00,Galatasaray SK,0 - 0,Besiktas JK
1590772573-592,https://www.tff.org/Default.aspx?pageID=198&hafta=1#macctl00_MPane_m_198_935_ctnr_m_198_935,26,https://www.tff.org/Default.aspx?pageID=198&hafta=26#macctl00_MPane_m_198_935_ctnr_m_198_935,,,,,
1590772573-585,https://www.tff.org/Default.aspx?pageID=198&hafta=1#macctl00_MPane_m_198_935_ctnr_m_198_935,26,https://www.tff.org/Default.aspx?pageID=198&hafta=26#macctl00_MPane_m_198_935_ctnr_m_198_935,14.03.2020,14:00,Denizlispor,1 - 0,Genclerbirligi Ankara
1590772573-591,https://www.tff.org/Default.aspx?pageID=198&hafta=1#macctl00_MPane_m_198_935_ctnr_m_198_935,26,https://www.tff.org/Default.aspx?pageID=198&hafta=26#macctl00_MPane_m_198_935_ctnr_m_198_935,16.03.2020,20:00, Antalyaspor,1 - 0,Sivasspor
1590772573-586,https://www.tff.org/Default.aspx?pageID=198&hafta=1#macctl00_MPane_m_198_935_ctnr_m_198_935,26,https://www.tff.org/Default.aspx?pageID=198&hafta=26#macctl00_MPane_m_198_935_ctnr_m_198_935,14.03.2020,17:00, Alanyaspor,1 - 0,Gaziantep FK
1590772573-587,https://www.tff.org/Default.aspx?pageID=198&hafta=1#macctl00_MPane_m_198_935_ctnr_m_198_935,26,https://www.tff.org/Default.aspx?pageID=198&hafta=26#macctl00_MPane_m_198_935_ctnr_m_198_935,14.03.2020,20:00,Konyaspor,1 - 0,Fenerbahce SK
1590772573-584,https://www.tff.org/Default.aspx?pageID=198&hafta=1#macctl00_MPane_m_198_935_ctnr_m_198_935,26,https://www.tff.org/Default.aspx?pageID=198&hafta=26#macctl00_MPane_m_198_935_ctnr_m_198_935,13.03.2020,20:00,Kasimpasa,2 - 0,Göztepe
1590772573-588,https://www.tff.org/Default.aspx?pageID=198&hafta=1#macctl00_MPane_m_198_935_ctnr_m_198_935,26,https://www.tff.org/Default.aspx?pageID=198&hafta=26#macctl00_MPane_m_198_935_ctnr_m_198_935,15.03.2020,13:30,Kayserispor,2 - 1,Yeni Malatyaspor
1590772573-583,https://www.tff.org/Default.aspx?pageID=198&hafta=1#macctl00_MPane_m_198_935_ctnr_m_198_935,26,https://www.tff.org/Default.aspx?pageID=198&hafta=26#macctl00_MPane_m_198_935_ctnr_m_198_935,13.03.2020,20:00,MKE Ankaragücü,2 - 1,Caykur Rizespor
1590772571-578,https://www.tff.org/Default.aspx?pageID=198&hafta=1#macctl00_MPane_m_198_935_ctnr_m_198_935,27,https://www.tff.org/Default.aspx?pageID=198&hafta=27#macctl00_MPane_m_198_935_ctnr_m_198_935,14.06.2020,19:15,Genclerbirligi Ankara,-,Konyaspor
1590772571-573,https://www.tff.org/Default.aspx?pageID=198&hafta=1#macctl00_MPane_m_198_935_ctnr_m_198_935,27,https://www.tff.org/Default.aspx?pageID=198&hafta=27#macctl00_MPane_m_198_935_ctnr_m_198_935,12.06.2020,21:45,Göztepe,-,Trabzonspor
1590772571-582,https://www.tff.org/Default.aspx?pageID=198&hafta=1#macctl00_MPane_m_198_935_ctnr_m_198_935,27,https://www.tff.org/Default.aspx?pageID=198&hafta=27#macctl00_MPane_m_198_935_ctnr_m_198_935,,,,,
1590772571-575,https://www.tff.org/Default.aspx?pageID=198&hafta=1#macctl00_MPane_m_198_935_ctnr_m_198_935,27,https://www.tff.org/Default.aspx?pageID=198&hafta=27#macctl00_MPane_m_198_935_ctnr_m_198_935,13.06.2020,19:15,Istanbul Basaksehir FK,-, Alanyaspor
1590772571-576,https://www.tff.org/Default.aspx?pageID=198&hafta=1#macctl00_MPane_m_198_935_ctnr_m_198_935,27,https://www.tff.org/Default.aspx?pageID=198&hafta=27#macctl00_MPane_m_198_935_ctnr_m_198_935,13.06.2020,21:45,Besiktas JK,-, Antalyaspor
1590772571-577,https://www.tff.org/Default.aspx?pageID=198&hafta=1#macctl00_MPane_m_198_935_ctnr_m_198_935,27,https://www.tff.org/Default.aspx?pageID=198&hafta=27#macctl00_MPane_m_198_935_ctnr_m_198_935,13.06.2020,21:45,Yeni Malatyaspor,-,Kasimpasa
1590772571-579,https://www.tff.org/Default.aspx?pageID=198&hafta=1#macctl00_MPane_m_198_935_ctnr_m_198_935,27,https://www.tff.org/Default.aspx?pageID=198&hafta=27#macctl00_MPane_m_198_935_ctnr_m_198_935,14.06.2020,21:45,Caykur Rizespor,-,Galatasaray SK
1590772571-581,https://www.tff.org/Default.aspx?pageID=198&hafta=1#macctl00_MPane_m_198_935_ctnr_m_198_935,27,https://www.tff.org/Default.aspx?pageID=198&hafta=27#macctl00_MPane_m_198_935_ctnr_m_198_935,15.06.2020,21:45,Sivasspor,-,Denizlispor
1590772571-574,https://www.tff.org/Default.aspx?pageID=198&hafta=1#macctl00_MPane_m_198_935_ctnr_m_198_935,27,https://www.tff.org/Default.aspx?pageID=198&hafta=27#macctl00_MPane_m_198_935_ctnr_m_198_935,12.06.2020,21:45,Fenerbahce SK,-,Kayserispor
1590772571-580,https://www.tff.org/Default.aspx?pageID=198&hafta=1#macctl00_MPane_m_198_935_ctnr_m_198_935,27,https://www.tff.org/Default.aspx?pageID=198&hafta=27#macctl00_MPane_m_198_935_ctnr_m_198_935,14.06.2020,21:45,Gaziantep FK,-,MKE Ankaragücü
1590772569-566,https://www.tff.org/Default.aspx?pageID=198&hafta=1#macctl00_MPane_m_198_935_ctnr_m_198_935,28,https://www.tff.org/Default.aspx?pageID=198&hafta=28#macctl00_MPane_m_198_935_ctnr_m_198_935,20.06.2020,21:45,Denizlispor,-,Besiktas JK
1590772569-569,https://www.tff.org/Default.aspx?pageID=198&hafta=1#macctl00_MPane_m_198_935_ctnr_m_198_935,28,https://www.tff.org/Default.aspx?pageID=198&hafta=28#macctl00_MPane_m_198_935_ctnr_m_198_935,21.06.2020,21:45,Konyaspor,-,Sivasspor
1590772569-571,https://www.tff.org/Default.aspx?pageID=198&hafta=1#macctl00_MPane_m_198_935_ctnr_m_198_935,28,https://www.tff.org/Default.aspx?pageID=198&hafta=28#macctl00_MPane_m_198_935_ctnr_m_198_935,22.06.2020,21:45, Antalyaspor,-,Caykur Rizespor
1590772569-568,https://www.tff.org/Default.aspx?pageID=198&hafta=1#macctl00_MPane_m_198_935_ctnr_m_198_935,28,https://www.tff.org/Default.aspx?pageID=198&hafta=28#macctl00_MPane_m_198_935_ctnr_m_198_935,21.06.2020,21:45,Galatasaray SK,-,Gaziantep FK
1590772569-572,https://www.tff.org/Default.aspx?pageID=198&hafta=1#macctl00_MPane_m_198_935_ctnr_m_198_935,28,https://www.tff.org/Default.aspx?pageID=198&hafta=28#macctl00_MPane_m_198_935_ctnr_m_198_935,,,,,
1590772569-570,https://www.tff.org/Default.aspx?pageID=198&hafta=1#macctl00_MPane_m_198_935_ctnr_m_198_935,28,https://www.tff.org/Default.aspx?pageID=198&hafta=28#macctl00_MPane_m_198_935_ctnr_m_198_935,22.06.2020,21:45, Alanyaspor,-,Trabzonspor
1590772569-563,https://www.tff.org/Default.aspx?pageID=198&hafta=1#macctl00_MPane_m_198_935_ctnr_m_198_935,28,https://www.tff.org/Default.aspx?pageID=198&hafta=28#macctl00_MPane_m_198_935_ctnr_m_198_935,19.06.2020,21:45,MKE Ankaragücü,-,Istanbul Basaksehir FK
1590772569-565,https://www.tff.org/Default.aspx?pageID=198&hafta=1#macctl00_MPane_m_198_935_ctnr_m_198_935,28,https://www.tff.org/Default.aspx?pageID=198&hafta=28#macctl00_MPane_m_198_935_ctnr_m_198_935,20.06.2020,21:45,Yeni Malatyaspor,-,Göztepe
1590772569-567,https://www.tff.org/Default.aspx?pageID=198&hafta=1#macctl00_MPane_m_198_935_ctnr_m_198_935,28,https://www.tff.org/Default.aspx?pageID=198&hafta=28#macctl00_MPane_m_198_935_ctnr_m_198_935,21.06.2020,19:15,Kasimpasa,-,Fenerbahce SK
1590772569-564,https://www.tff.org/Default.aspx?pageID=198&hafta=1#macctl00_MPane_m_198_935_ctnr_m_198_935,28,https://www.tff.org/Default.aspx?pageID=198&hafta=28#macctl00_MPane_m_198_935_ctnr_m_198_935,20.06.2020,19:15,Kayserispor,-,Genclerbirligi Ankara
1590772567-561,https://www.tff.org/Default.aspx?pageID=198&hafta=1#macctl00_MPane_m_198_935_ctnr_m_198_935,29,https://www.tff.org/Default.aspx?pageID=198&hafta=29#macctl00_MPane_m_198_935_ctnr_m_198_935,29.06.2020,21:45,Genclerbirligi Ankara,-,Kasimpasa
1590772567-557,https://www.tff.org/Default.aspx?pageID=198&hafta=1#macctl00_MPane_m_198_935_ctnr_m_198_935,29,https://www.tff.org/Default.aspx?pageID=198&hafta=29#macctl00_MPane_m_198_935_ctnr_m_198_935,28.06.2020,19:15,Sivasspor,-,Kayserispor
1590772567-559,https://www.tff.org/Default.aspx?pageID=198&hafta=1#macctl00_MPane_m_198_935_ctnr_m_198_935,29,https://www.tff.org/Default.aspx?pageID=198&hafta=29#macctl00_MPane_m_198_935_ctnr_m_198_935,28.06.2020,21:45,Istanbul Basaksehir FK,-,Galatasaray SK
1590772567-555,https://www.tff.org/Default.aspx?pageID=198&hafta=1#macctl00_MPane_m_198_935_ctnr_m_198_935,29,https://www.tff.org/Default.aspx?pageID=198&hafta=29#macctl00_MPane_m_198_935_ctnr_m_198_935,27.06.2020,21:45,Trabzonspor,-,MKE Ankaragücü
1590772567-562,https://www.tff.org/Default.aspx?pageID=198&hafta=1#macctl00_MPane_m_198_935_ctnr_m_198_935,29,https://www.tff.org/Default.aspx?pageID=198&hafta=29#macctl00_MPane_m_198_935_ctnr_m_198_935,,,,,
1590772567-560,https://www.tff.org/Default.aspx?pageID=198&hafta=1#macctl00_MPane_m_198_935_ctnr_m_198_935,29,https://www.tff.org/Default.aspx?pageID=198&hafta=29#macctl00_MPane_m_198_935_ctnr_m_198_935,28.06.2020,21:45,Gaziantep FK,-, Antalyaspor
1590772567-556,https://www.tff.org/Default.aspx?pageID=198&hafta=1#macctl00_MPane_m_198_935_ctnr_m_198_935,29,https://www.tff.org/Default.aspx?pageID=198&hafta=29#macctl00_MPane_m_198_935_ctnr_m_198_935,27.06.2020,21:45,Göztepe,-, Alanyaspor
1590772567-554,https://www.tff.org/Default.aspx?pageID=198&hafta=1#macctl00_MPane_m_198_935_ctnr_m_198_935,29,https://www.tff.org/Default.aspx?pageID=198&hafta=29#macctl00_MPane_m_198_935_ctnr_m_198_935,27.06.2020,19:15,Fenerbahce SK,-,Yeni Malatyaspor
1590772567-553,https://www.tff.org/Default.aspx?pageID=198&hafta=1#macctl00_MPane_m_198_935_ctnr_m_198_935,29,https://www.tff.org/Default.aspx?pageID=198&hafta=29#macctl00_MPane_m_198_935_ctnr_m_198_935,26.06.2020,21:45,Besiktas JK,-,Konyaspor
1590772567-558,https://www.tff.org/Default.aspx?pageID=198&hafta=1#macctl00_MPane_m_198_935_ctnr_m_198_935,29,https://www.tff.org/Default.aspx?pageID=198&hafta=29#macctl00_MPane_m_198_935_ctnr_m_198_935,28.06.2020,19:15,Caykur Rizespor,-,Denizlispor
1590772565-550,https://www.tff.org/Default.aspx?pageID=198&hafta=1#macctl00_MPane_m_198_935_ctnr_m_198_935,30,https://www.tff.org/Default.aspx?pageID=198&hafta=30#macctl00_MPane_m_198_935_ctnr_m_198_935,05.07.2020,21:45,Galatasaray SK,-,Trabzonspor
1590772565-552,https://www.tff.org/Default.aspx?pageID=198&hafta=1#macctl00_MPane_m_198_935_ctnr_m_198_935,30,https://www.tff.org/Default.aspx?pageID=198&hafta=30#macctl00_MPane_m_198_935_ctnr_m_198_935,,,,,
1590772565-543,https://www.tff.org/Default.aspx?pageID=198&hafta=1#macctl00_MPane_m_198_935_ctnr_m_198_935,30,https://www.tff.org/Default.aspx?pageID=198&hafta=30#macctl00_MPane_m_198_935_ctnr_m_198_935,03.07.2020,21:45,Denizlispor,-,Gaziantep FK
1590772565-545,https://www.tff.org/Default.aspx?pageID=198&hafta=1#macctl00_MPane_m_198_935_ctnr_m_198_935,30,https://www.tff.org/Default.aspx?pageID=198&hafta=30#macctl00_MPane_m_198_935_ctnr_m_198_935,04.07.2020,19:15,MKE Ankaragücü,-, Alanyaspor
1590772565-544,https://www.tff.org/Default.aspx?pageID=198&hafta=1#macctl00_MPane_m_198_935_ctnr_m_198_935,30,https://www.tff.org/Default.aspx?pageID=198&hafta=30#macctl00_MPane_m_198_935_ctnr_m_198_935,04.07.2020,19:15,Yeni Malatyaspor,-,Genclerbirligi Ankara
1590772565-546,https://www.tff.org/Default.aspx?pageID=198&hafta=1#macctl00_MPane_m_198_935_ctnr_m_198_935,30,https://www.tff.org/Default.aspx?pageID=198&hafta=30#macctl00_MPane_m_198_935_ctnr_m_198_935,04.07.2020,21:45, Antalyaspor,-,Istanbul Basaksehir FK
1590772565-548,https://www.tff.org/Default.aspx?pageID=198&hafta=1#macctl00_MPane_m_198_935_ctnr_m_198_935,30,https://www.tff.org/Default.aspx?pageID=198&hafta=30#macctl00_MPane_m_198_935_ctnr_m_198_935,05.07.2020,19:15,Kasimpasa,-,Sivasspor
1590772565-547,https://www.tff.org/Default.aspx?pageID=198&hafta=1#macctl00_MPane_m_198_935_ctnr_m_198_935,30,https://www.tff.org/Default.aspx?pageID=198&hafta=30#macctl00_MPane_m_198_935_ctnr_m_198_935,04.07.2020,21:45,Fenerbahce SK,-,Göztepe
1590772565-551,https://www.tff.org/Default.aspx?pageID=198&hafta=1#macctl00_MPane_m_198_935_ctnr_m_198_935,30,https://www.tff.org/Default.aspx?pageID=198&hafta=30#macctl00_MPane_m_198_935_ctnr_m_198_935,06.07.2020,21:45,Kayserispor,-,Besiktas JK
1590772565-549,https://www.tff.org/Default.aspx?pageID=198&hafta=1#macctl00_MPane_m_198_935_ctnr_m_198_935,30,https://www.tff.org/Default.aspx?pageID=198&hafta=30#macctl00_MPane_m_198_935_ctnr_m_198_935,05.07.2020,21:45,Konyaspor,-,Caykur Rizespor
1590772563-541,https://www.tff.org/Default.aspx?pageID=198&hafta=1#macctl00_MPane_m_198_935_ctnr_m_198_935,31,https://www.tff.org/Default.aspx?pageID=198&hafta=31#macctl00_MPane_m_198_935_ctnr_m_198_935,09.07.2020,21:45,Gaziantep FK,-,Konyaspor
1590772563-534,https://www.tff.org/Default.aspx?pageID=198&hafta=1#macctl00_MPane_m_198_935_ctnr_m_198_935,31,https://www.tff.org/Default.aspx?pageID=198&hafta=31#macctl00_MPane_m_198_935_ctnr_m_198_935,07.07.2020,21:45,Istanbul Basaksehir FK,-,Denizlispor
1590772563-539,https://www.tff.org/Default.aspx?pageID=198&hafta=1#macctl00_MPane_m_198_935_ctnr_m_198_935,31,https://www.tff.org/Default.aspx?pageID=198&hafta=31#macctl00_MPane_m_198_935_ctnr_m_198_935,09.07.2020,19:15,Caykur Rizespor,-,Kayserispor
1590772563-537,https://www.tff.org/Default.aspx?pageID=198&hafta=1#macctl00_MPane_m_198_935_ctnr_m_198_935,31,https://www.tff.org/Default.aspx?pageID=198&hafta=31#macctl00_MPane_m_198_935_ctnr_m_198_935,08.07.2020,21:45, Alanyaspor,-,Galatasaray SK
1590772563-538,https://www.tff.org/Default.aspx?pageID=198&hafta=1#macctl00_MPane_m_198_935_ctnr_m_198_935,31,https://www.tff.org/Default.aspx?pageID=198&hafta=31#macctl00_MPane_m_198_935_ctnr_m_198_935,08.07.2020,21:45,Göztepe,-,MKE Ankaragücü
1590772563-542,https://www.tff.org/Default.aspx?pageID=198&hafta=1#macctl00_MPane_m_198_935_ctnr_m_198_935,31,https://www.tff.org/Default.aspx?pageID=198&hafta=31#macctl00_MPane_m_198_935_ctnr_m_198_935,,,,,
1590772563-540,https://www.tff.org/Default.aspx?pageID=198&hafta=1#macctl00_MPane_m_198_935_ctnr_m_198_935,31,https://www.tff.org/Default.aspx?pageID=198&hafta=31#macctl00_MPane_m_198_935_ctnr_m_198_935,09.07.2020,21:45,Besiktas JK,-,Kasimpasa
1590772563-536,https://www.tff.org/Default.aspx?pageID=198&hafta=1#macctl00_MPane_m_198_935_ctnr_m_198_935,31,https://www.tff.org/Default.aspx?pageID=198&hafta=31#macctl00_MPane_m_198_935_ctnr_m_198_935,08.07.2020,19:15,Trabzonspor,-, Antalyaspor
1590772563-533,https://www.tff.org/Default.aspx?pageID=198&hafta=1#macctl00_MPane_m_198_935_ctnr_m_198_935,31,https://www.tff.org/Default.aspx?pageID=198&hafta=31#macctl00_MPane_m_198_935_ctnr_m_198_935,07.07.2020,19:15,Genclerbirligi Ankara,-,Fenerbahce SK
1590772563-535,https://www.tff.org/Default.aspx?pageID=198&hafta=1#macctl00_MPane_m_198_935_ctnr_m_198_935,31,https://www.tff.org/Default.aspx?pageID=198&hafta=31#macctl00_MPane_m_198_935_ctnr_m_198_935,08.07.2020,19:15,Sivasspor,-,Yeni Malatyaspor
1590772561-528,https://www.tff.org/Default.aspx?pageID=198&hafta=1#macctl00_MPane_m_198_935_ctnr_m_198_935,32,https://www.tff.org/Default.aspx?pageID=198&hafta=32#grpctl00_MPane_m_198_935_ctnr_m_198_935,12.07.2020,,Denizlispor,-,Trabzonspor
1590772561-525,https://www.tff.org/Default.aspx?pageID=198&hafta=1#macctl00_MPane_m_198_935_ctnr_m_198_935,32,https://www.tff.org/Default.aspx?pageID=198&hafta=32#grpctl00_MPane_m_198_935_ctnr_m_198_935,12.07.2020,,Göztepe,-,Genclerbirligi Ankara
1590772561-531,https://www.tff.org/Default.aspx?pageID=198&hafta=1#macctl00_MPane_m_198_935_ctnr_m_198_935,32,https://www.tff.org/Default.aspx?pageID=198&hafta=32#grpctl00_MPane_m_198_935_ctnr_m_198_935,12.07.2020,,MKE Ankaragücü,-,Galatasaray SK
1590772561-523,https://www.tff.org/Default.aspx?pageID=198&hafta=1#macctl00_MPane_m_198_935_ctnr_m_198_935,32,https://www.tff.org/Default.aspx?pageID=198&hafta=32#grpctl00_MPane_m_198_935_ctnr_m_198_935,12.07.2020,,Fenerbahce SK,-,Sivasspor
1590772561-529,https://www.tff.org/Default.aspx?pageID=198&hafta=1#macctl00_MPane_m_198_935_ctnr_m_198_935,32,https://www.tff.org/Default.aspx?pageID=198&hafta=32#grpctl00_MPane_m_198_935_ctnr_m_198_935,12.07.2020,,Kayserispor,-,Gaziantep FK
1590772561-527,https://www.tff.org/Default.aspx?pageID=198&hafta=1#macctl00_MPane_m_198_935_ctnr_m_198_935,32,https://www.tff.org/Default.aspx?pageID=198&hafta=32#grpctl00_MPane_m_198_935_ctnr_m_198_935,12.07.2020,,Konyaspor,-,Istanbul Basaksehir FK
1590772561-524,https://www.tff.org/Default.aspx?pageID=198&hafta=1#macctl00_MPane_m_198_935_ctnr_m_198_935,32,https://www.tff.org/Default.aspx?pageID=198&hafta=32#grpctl00_MPane_m_198_935_ctnr_m_198_935,12.07.2020,,Kasimpasa,-,Caykur Rizespor
1590772561-530,https://www.tff.org/Default.aspx?pageID=198&hafta=1#macctl00_MPane_m_198_935_ctnr_m_198_935,32,https://www.tff.org/Default.aspx?pageID=198&hafta=32#grpctl00_MPane_m_198_935_ctnr_m_198_935,12.07.2020,,Yeni Malatyaspor,-,Besiktas JK
1590772561-526,https://www.tff.org/Default.aspx?pageID=198&hafta=1#macctl00_MPane_m_198_935_ctnr_m_198_935,32,https://www.tff.org/Default.aspx?pageID=198&hafta=32#grpctl00_MPane_m_198_935_ctnr_m_198_935,12.07.2020,, Antalyaspor,-, Alanyaspor
1590772561-532,https://www.tff.org/Default.aspx?pageID=198&hafta=1#macctl00_MPane_m_198_935_ctnr_m_198_935,32,https://www.tff.org/Default.aspx?pageID=198&hafta=32#grpctl00_MPane_m_198_935_ctnr_m_198_935,,,,,
1590772559-516,https://www.tff.org/Default.aspx?pageID=198&hafta=1#macctl00_MPane_m_198_935_ctnr_m_198_935,33,https://www.tff.org/Default.aspx?pageID=198&hafta=33#macctl00_MPane_m_198_935_ctnr_m_198_935,19.07.2020,,Gaziantep FK,-,Kasimpasa
1590772559-515,https://www.tff.org/Default.aspx?pageID=198&hafta=1#macctl00_MPane_m_198_935_ctnr_m_198_935,33,https://www.tff.org/Default.aspx?pageID=198&hafta=33#macctl00_MPane_m_198_935_ctnr_m_198_935,19.07.2020,,Besiktas JK,-,Fenerbahce SK
1590772559-513,https://www.tff.org/Default.aspx?pageID=198&hafta=1#macctl00_MPane_m_198_935_ctnr_m_198_935,33,https://www.tff.org/Default.aspx?pageID=198&hafta=33#macctl00_MPane_m_198_935_ctnr_m_198_935,19.07.2020,,Trabzonspor,-,Konyaspor
1590772559-522,https://www.tff.org/Default.aspx?pageID=198&hafta=1#macctl00_MPane_m_198_935_ctnr_m_198_935,33,https://www.tff.org/Default.aspx?pageID=198&hafta=33#macctl00_MPane_m_198_935_ctnr_m_198_935,,,,,
1590772559-521,https://www.tff.org/Default.aspx?pageID=198&hafta=1#macctl00_MPane_m_198_935_ctnr_m_198_935,33,https://www.tff.org/Default.aspx?pageID=198&hafta=33#macctl00_MPane_m_198_935_ctnr_m_198_935,19.07.2020,,Sivasspor,-,Genclerbirligi Ankara
1590772559-520,https://www.tff.org/Default.aspx?pageID=198&hafta=1#macctl00_MPane_m_198_935_ctnr_m_198_935,33,https://www.tff.org/Default.aspx?pageID=198&hafta=33#macctl00_MPane_m_198_935_ctnr_m_198_935,19.07.2020,,MKE Ankaragücü,-, Antalyaspor
1590772559-519,https://www.tff.org/Default.aspx?pageID=198&hafta=1#macctl00_MPane_m_198_935_ctnr_m_198_935,33,https://www.tff.org/Default.aspx?pageID=198&hafta=33#macctl00_MPane_m_198_935_ctnr_m_198_935,19.07.2020,,Caykur Rizespor,-,Yeni Malatyaspor
1590772559-518,https://www.tff.org/Default.aspx?pageID=198&hafta=1#macctl00_MPane_m_198_935_ctnr_m_198_935,33,https://www.tff.org/Default.aspx?pageID=198&hafta=33#macctl00_MPane_m_198_935_ctnr_m_198_935,19.07.2020,, Alanyaspor,-,Denizlispor
1590772559-514,https://www.tff.org/Default.aspx?pageID=198&hafta=1#macctl00_MPane_m_198_935_ctnr_m_198_935,33,https://www.tff.org/Default.aspx?pageID=198&hafta=33#macctl00_MPane_m_198_935_ctnr_m_198_935,19.07.2020,,Galatasaray SK,-,Göztepe
1590772559-517,https://www.tff.org/Default.aspx?pageID=198&hafta=1#macctl00_MPane_m_198_935_ctnr_m_198_935,33,https://www.tff.org/Default.aspx?pageID=198&hafta=33#macctl00_MPane_m_198_935_ctnr_m_198_935,19.07.2020,,Istanbul Basaksehir FK,-,Kayserispor
1590772557-508,https://www.tff.org/Default.aspx?pageID=198&hafta=1#macctl00_MPane_m_198_935_ctnr_m_198_935,34,https://www.tff.org/Default.aspx?pageID=198&hafta=34#macctl00_MPane_m_198_935_ctnr_m_198_935,26.07.2020,,Genclerbirligi Ankara,-,Besiktas JK
1590772557-507,https://www.tff.org/Default.aspx?pageID=198&hafta=1#macctl00_MPane_m_198_935_ctnr_m_198_935,34,https://www.tff.org/Default.aspx?pageID=198&hafta=34#macctl00_MPane_m_198_935_ctnr_m_198_935,26.07.2020,, Antalyaspor,-,Galatasaray SK
1590772557-512,https://www.tff.org/Default.aspx?pageID=198&hafta=1#macctl00_MPane_m_198_935_ctnr_m_198_935,34,https://www.tff.org/Default.aspx?pageID=198&hafta=34#macctl00_MPane_m_198_935_ctnr_m_198_935,,,,,
1590772557-509,https://www.tff.org/Default.aspx?pageID=198&hafta=1#macctl00_MPane_m_198_935_ctnr_m_198_935,34,https://www.tff.org/Default.aspx?pageID=198&hafta=34#macctl00_MPane_m_198_935_ctnr_m_198_935,26.07.2020,,Denizlispor,-,MKE Ankaragücü
1590772557-503,https://www.tff.org/Default.aspx?pageID=198&hafta=1#macctl00_MPane_m_198_935_ctnr_m_198_935,34,https://www.tff.org/Default.aspx?pageID=198&hafta=34#macctl00_MPane_m_198_935_ctnr_m_198_935,26.07.2020,,Göztepe,-,Sivasspor
1590772557-505,https://www.tff.org/Default.aspx?pageID=198&hafta=1#macctl00_MPane_m_198_935_ctnr_m_198_935,34,https://www.tff.org/Default.aspx?pageID=198&hafta=34#macctl00_MPane_m_198_935_ctnr_m_198_935,26.07.2020,,Konyaspor,-, Alanyaspor
1590772557-506,https://www.tff.org/Default.aspx?pageID=198&hafta=1#macctl00_MPane_m_198_935_ctnr_m_198_935,34,https://www.tff.org/Default.aspx?pageID=198&hafta=34#macctl00_MPane_m_198_935_ctnr_m_198_935,26.07.2020,,Fenerbahce SK,-,Caykur Rizespor
1590772557-511,https://www.tff.org/Default.aspx?pageID=198&hafta=1#macctl00_MPane_m_198_935_ctnr_m_198_935,34,https://www.tff.org/Default.aspx?pageID=198&hafta=34#macctl00_MPane_m_198_935_ctnr_m_198_935,26.07.2020,,Yeni Malatyaspor,-,Gaziantep FK
1590772557-504,https://www.tff.org/Default.aspx?pageID=198&hafta=1#macctl00_MPane_m_198_935_ctnr_m_198_935,34,https://www.tff.org/Default.aspx?pageID=198&hafta=34#macctl00_MPane_m_198_935_ctnr_m_198_935,26.07.2020,,Kasimpasa,-,Istanbul Basaksehir FK
1590772557-510,https://www.tff.org/Default.aspx?pageID=198&hafta=1#macctl00_MPane_m_198_935_ctnr_m_198_935,34,https://www.tff.org/Default.aspx?pageID=198&hafta=34#macctl00_MPane_m_198_935_ctnr_m_198_935,26.07.2020,,Kayserispor,-,Trabzonspor